--
CREATE DATABASE IF NOT EXISTS `stc6` DEFAULT CHARACTER SET utf8 COLLATE utf8_unicode_ci;
USE `stc6`;

-- --------------------------------------------------------

--
-- Table structure for table `cust`
--

CREATE TABLE `cust` (
  `id_1` int(2) DEFAULT NULL,
  `not_t` varchar(3) DEFAULT NULL,
  `codeCode` varchar(6) DEFAULT NULL
) ENGINE=InnoDB DEFAULT CHARSET=utf8;

--
-- Dumping data for table `cust`
--

INSERT INTO `cust` (`id_1`, `not_t`, `codeCode`) VALUES
(1, 'OD2', '601OD2'),
(2, 'ODN', '602ODN'),
(3, 'CKA', '603CKA'),
(4, 'CAW', '604CAW'),
(5, 'MOH', '605MOH'),
(6, 'MED', '606MED'),
(7, 'CDK', '607CDK'),
(8, 'N83', '608N83'),
(9, 'FTC', '609FTC'),
(10, 'MST', '610MST'),
(11, 'DC', '611DC');

-- --------------------------------------------------------

--
-- Table structure for table `district`
--

CREATE TABLE `district` (
  `A` varchar(15) DEFAULT NULL
) ENGINE=InnoDB DEFAULT CHARSET=utf8;

--
-- Dumping data for table `district`
--

INSERT INTO `district` (`A`) VALUES
('Riyadh City'),
('Al Ahsa'),
('Al Jouf'),
('Al Jubail'),
('Dammam'),
('Hail'),
('Northern Border'),
('Qassim'),
('Riyadh District'),
('Jeddah City'),
('Madina'),
('Makkah'),
('Tabuk'),
('Yanbu'),
('AL Baha'),
('Asir'),
('Jizan'),
('Najran'),
('Taif');

-- --------------------------------------------------------

--
-- Table structure for table `division`
--

CREATE TABLE `division` (
  `A` varchar(3) DEFAULT NULL,
  `B` varchar(58) DEFAULT NULL
) ENGINE=InnoDB DEFAULT CHARSET=utf8;

--
-- Dumping data for table `division`
--

INSERT INTO `division` (`A`, `B`) VALUES
('1', 'فريق معالجة المسند و مخلوف التركيب للإقليم الأوسط والشرقي'),
('2', 'فريق معالجة المسند و مخلوف التركيب للإقليم الغربي والجنوبي'),
('3', 'فريق متابعة متعثر الاتصال'),
('4', 'فريق متابعة مؤشر مكرر ابداع و DC'),
('5', 'تحديث ومتابعة'),
('6', 'فريق التقارير'),
('7', 'فريق متابعة جودة الاداء'),
('8', 'فريق متابعة الحالات الإدارية CCC'),
('9', 'فريق دعم الأنظمة');

-- --------------------------------------------------------

--
-- Table structure for table `emp_newdiv`
--

CREATE TABLE `emp_newdiv` (
  `name` varchar(40) DEFAULT NULL,
  `user_1` int(5) DEFAULT NULL,
  `div` varchar(17) DEFAULT NULL,
  `id_1` int(1) DEFAULT NULL
) ENGINE=InnoDB DEFAULT CHARSET=utf8;

--
-- Dumping data for table `emp_newdiv`
--

INSERT INTO `emp_newdiv` (`name`, `user_1`, `div`, `id_1`) VALUES
('ابراهيم عبدالله إبراهيم الخميس', 1258, 'تقارير', NULL),
('ابراهيم خليل إبراهيم السريهيد', 1260, 'الأوسط', 4),
('ابراهيم عبداللطيف سالم الحبش', 8249, 'الأوسط', 4),
('ابراهيم محمد حمد الدغيم', 9980, 'الأوسط', 4),
('ابوبكر محمود أيوب السر', 1156, 'الأوسط', 4),
('احمد خيري طه الطوخي', 1162, 'الأوسط', 4),
('احمد محمد العبدالعالي', 9108, 'الأوسط', 4),
('احمد هاشم محمد المزيعل ', 9961, 'الأوسط', 4),
('ثامر يعقوب يوسف السهيل', 2203, 'الأوسط', 4),
('سامي يوسف محمد العواد', 9954, 'الأوسط', 4),
('عبد الله إبراهيم عبدالله الزويمل', 3870, 'الأوسط', 4),
('عبدالرحمن صالح أحمد بوطيبان', 1152, 'الأوسط', 4),
('عبدالسلام هشام مصطفى البكليزي', 3136, 'الأوسط', 4),
('عبدالعزيز حمد عبدالله بورسيس', 4549, 'الأوسط', 4),
('عبدالله احمد سعد السعد', 7486, 'الأوسط', 4),
('عبدالمحسن فهد إبراهيم الحماد', 9950, 'الأوسط', 4),
('فارس صالح عبدالرحمن الفارس', 4547, 'الأوسط', 4),
('مجاهد محمد عبدالله المسلم', 2283, 'الأوسط', 4),
('محمد ابراهيم محمد البريك', 4749, 'الأوسط', 4),
('محمد ابراهيم محمد العمير', 9962, 'الأوسط', 4),
('محمد حسين حسين الحباره', 1334, 'الأوسط', 4),
('محمد سالم عبد الطيف المستحى', 2199, 'الأوسط', 4),
('محمد يوسف محمد البريك', 4390, 'الأوسط', 4),
('منتصر محمد عبدالجليل علي', 11190, 'الأوسط', 4),
('منصور عادل عبدالله بو بشيت', 9128, 'الأوسط', 4),
('نايف جمعه سيف الوسمي', 11260, 'الأوسط', 4),
('احمد ابراهيم أحمد السنين', 1168, 'الجنوبي', 2),
('احمد عبدالله عيسى السويدان', 1164, 'الجنوبي', 2),
('ايمن عبد الرحمن عبد الطيف العيد', 2202, 'الجنوبي', 2),
('حسن عصام هدى', 1252, 'الجنوبي', 2),
('خالد محمد ابراهيم الزهراني', 6135, 'الجنوبي', 2),
('راشد احمد عبدالله العبد', 9955, 'الجنوبي', 2),
('سعد إبراهيم أحمد الحميدي', 4388, 'الجنوبي', 2),
('صالح داود الرحيمان', 5874, 'الجنوبي', 2),
('صالح عدنان خليفة الخميس', 4092, 'الجنوبي', 2),
('عبدالرحمن إبراهيم محمد المفتاح', 4089, 'الجنوبي', 2),
('عبدالمنعم محمد محمد المزيدي', 5033, 'الجنوبي', 2),
('فهد محمد فهد المحيسن', 7487, 'الجنوبي', 2),
('فيصل عوض حميد القفيل', 11191, 'الجنوبي', 2),
('محمد أحمد عبدالرحمن العامر', 9914, 'الجنوبي', 2),
('محمد عبدالعزيز محمد الزويمل', 1321, 'الجنوبي', 2),
('محمد على المال الفهيد', 7916, 'الجنوبي', 2),
('محمد عوض حميد القفيل', 1310, 'الجنوبي', 2),
('منصور محمد عبداللطيف البريك', 7684, 'الجنوبي', 2),
('ياسر علي عبدالله الإبراهيم', 1429, 'الجنوبي', 2),
('ابراهيم خالد ابراهيم الحيدر', 8394, 'الشرقي', 3),
('ابراهيم عبدالعزيز عبداللطيف العديل', 1257, 'الشرقي', 3),
('احمد عبدالله محمد العماني', 2926, 'الشرقي', 3),
('احمد يوسف عبدالعزيز الزامل', 1183, 'الشرقي', 3),
('خالد محمد عبدالله المسيب', 1273, 'الشرقي', 3),
('رائد علي محمد وادي', 1374, 'الشرقي', 3),
('سلمان فيصل محمد الوجيه', 4357, 'الشرقي', 3),
('عبد الله صالح عبدالله الوصيفر', 1144, 'الشرقي', 3),
('عبد الله محمد عبدالله النعيم', 1138, 'الشرقي', 3),
('عبدالرحمن يوسف محمد البريك', 1153, 'الشرقي', 3),
('عبدالعزيز خليل ابراهيم الوحيمد', 4453, 'الشرقي', 3),
('عبدالعزيز عبدالباقي ناصر النعيم', 1110, 'الشرقي', 3),
('عماد محمد حسين الرميح', 8710, 'الشرقي', 3),
('محمد تركي راضي الدوسري', 1340, 'الشرقي', 3),
('محمد خالد محمد المشعل', 1313, 'الشرقي', 3),
('محمد خلف الله محمد عباس', 2197, 'الشرقي', 3),
('محمد صالح محمد الهبوب', 11256, 'الشرقي', 3),
('محمد عبدالعزيز ابراهيم البطاط', 1319, 'الشرقي', 3),
('محمد فهد عبدالعزيز بن ناس', 4091, 'الشرقي', 3),
('مروان خضير علي الخضير', 2282, 'الشرقي', 3),
('وليد محمد موسى الحسن', 1424, 'الشرقي', 3),
('ابراهيم صالح ابراهيم البرجس', 1262, 'الغربي', 1),
('ابراهيم عبد الله عبد الطيف الدحيلان', 8708, 'الغربي', 1),
('احمد خالد احمد الهبوب', 1170, 'الغربي', 1),
('احمد سعد أحمد بو جليع', 1178, 'الغربي', 1),
('اسامه شاكر سليمان الناصر', 1366, 'الغربي', 1),
('اشرف عزالدين الماضي', 1201, 'الغربي', 1),
('انس عبد الله محمد المفتاح', 2204, 'الغربي', 1),
('حمد ابراهيم محمد البوحميدة', 2195, 'الغربي', 1),
('خالد فيصل البو سعد', 6997, 'الغربي', 1),
('سالم عبدالله سالم الميدنى', 2201, 'الغربي', 1),
('سعد حمد سعد الهلال', 9079, 'الغربي', 1),
('عبد العزيز يوسف مبارك الحبش', 9931, 'الغربي', 1),
('عبدالرحمن عادل خميس القادري', 3093, 'الغربي', 1),
('عبدالرحمن يوسف عبدالرحمن الفواز', 2284, 'الغربي', 1),
('عبدالعزيز ابراهيم أحمد السنين', 1112, 'الغربي', 1),
('عبدالعزيز صالح عبدالعزيز الحسين', 3871, 'الغربي', 1),
('عبدالعزيز كنعان عبدالعزيز الكنعان', 1109, 'الغربي', 1),
('عبدالله خليفة ناصر الخاتم', 9958, 'الغربي', 1),
('عيسى يوسف محمد المرشد', 1267, 'الغربي', 1),
('فايز محمد صبحي ادريس', 2194, 'الغربي', 1),
('فيصل إبراهيم عبدالرحمن العقيد', 9959, 'الغربي', 1),
('ماجد عبداللطيف محمد البريك', 4093, 'الغربي', 1),
('محمد الدقيل حامد محمد', 1308, 'الغربي', 1),
('محمد عبدالله إبراهيم البريه', 1322, 'الغربي', 1),
('يوسف هاشم محمد الهسي', 1436, 'الغربي', 1),
('مبارك يوسف محمد الظاعن', 5942, 'الوحدة الادارية', NULL),
('احمد نزار السيد النونو', 6221, 'تقارير', NULL),
('اسلام عزالدين حيدر ماضي', 1266, 'تقارير', NULL),
('ضياء عز الدين حيدر الماضي', 1218, 'تقارير', NULL),
('طارق محمد زياد منينة', 1418, 'تقارير', NULL),
('عامر رشدي خليل مصلح', 1197, 'تقارير', NULL),
('عبد العزيز عبد الرحمن عبد العزيز المريخي', 4392, 'تقارير', NULL),
('عبد الله ابراهيم احمد الحمادي', 4544, 'تقارير', NULL),
('عبدالعزيز نصر عبدالرحمن محمد', 8250, 'تقارير', NULL),
('فيصل فهد سلمان الصانع', 3094, 'تقارير', NULL),
('ماهر عبدالله إبراهيم السيد', 9956, 'تقارير', NULL),
('محمد عبدالرحمن محمد الشامي', 4546, 'تقارير', NULL),
('ناصر احمد راشد الحمدان', 4363, 'تقارير', NULL),
('عبد الله خالد عبدالله العبود', 1132, 'جودة مسار التركيب', NULL),
('عمر عبدالله عبدالعزيز الحسين', 1362, 'جودة مسار التركيب', NULL),
('احمد محمد فهمي بيومي', 1176, 'مساندة العمليات', NULL),
('فايز ابراهيم عبدالله المسيب', 1235, 'مساندة العمليات', NULL),
('رأفت محمد العلي', 1370, 'مكررالاسناد', NULL),
('ربيع مصطفى شعبان', 1371, 'مكررالاسناد', NULL),
('عبد الله صالح عبدالله الخليفة', 2196, 'مكررالاسناد', NULL),
('محمد عبدالرحمن عبدالعزيز الفرحان', 4545, 'مكررالاسناد', NULL),
('حسام عبدالخالق أحمد الشيخ', 4415, 'وحدة الدعم', NULL),
('رامي محمد فهمي بيومي', 11261, 'وحدة الدعم', NULL),
('محمد محمود أيوب السر', 1335, 'وحدة الدعم', NULL);

-- --------------------------------------------------------

--
-- Table structure for table `main_ent`
--

CREATE TABLE `main_ent` (
  `id_emp_1` int(10) NOT NULL,
  `emp_name` varchar(50) CHARACTER SET utf8 NOT NULL,
  `Num_ord` varchar(9) CHARACTER SET utf8 NOT NULL,
  `mar_typ` varchar(50) CHARACTER SET utf8 DEFAULT NULL,
  `task` varchar(50) CHARACTER SET utf8 DEFAULT NULL,
  `bacu` varchar(50) CHARACTER SET utf8 DEFAULT NULL,
  `violate` varchar(50) COLLATE utf8_unicode_ci DEFAULT NULL,
  `call_1` varchar(7) CHARACTER SET utf8 NOT NULL,
  `date_1` varchar(15) CHARACTER SET utf8 NOT NULL,
  `date_2` varchar(15) CHARACTER SET utf8 DEFAULT NULL,
  `mobileNum` text COLLATE utf8_unicode_ci,
  `empDiv` varchar(50) COLLATE utf8_unicode_ci NOT NULL,
  `ordTypeField` varchar(50) COLLATE utf8_unicode_ci NOT NULL,
  `servNumField` varchar(50) COLLATE utf8_unicode_ci NOT NULL,
  `currentLevelField` varchar(50) COLLATE utf8_unicode_ci NOT NULL,
  `clientDateField` varchar(50) COLLATE utf8_unicode_ci NOT NULL,
  `makhloofTextField` varchar(50) COLLATE utf8_unicode_ci NOT NULL,
  `mstTextField` varchar(50) COLLATE utf8_unicode_ci NOT NULL,
  `level2TextField` varchar(50) COLLATE utf8_unicode_ci NOT NULL,
  `techField` varchar(50) COLLATE utf8_unicode_ci NOT NULL,
  `regionField` varchar(50) COLLATE utf8_unicode_ci NOT NULL,
  `mosnadField` varchar(50) COLLATE utf8_unicode_ci NOT NULL,
  `n2` varchar(50) COLLATE utf8_unicode_ci NOT NULL,
  `ibdaaTextField` varchar(50) COLLATE utf8_unicode_ci NOT NULL
) ENGINE=InnoDB DEFAULT CHARSET=utf8 COLLATE=utf8_unicode_ci;

-- --------------------------------------------------------

--
-- Table structure for table `main_main`
--

CREATE TABLE `main_main` (
  `sern1` int(2) DEFAULT NULL,
  `egra` varchar(31) DEFAULT NULL,
  `bacus` varchar(47) DEFAULT NULL,
  `bacus2` varchar(50) DEFAULT NULL,
  `id_1` int(1) DEFAULT NULL
) ENGINE=InnoDB DEFAULT CHARSET=utf8;

--
-- Dumping data for table `main_main`
--

INSERT INTO `main_main` (`sern1`, `egra`, `bacus`, `bacus2`, `id_1`) VALUES
(1, 'الإقليم الغربي (اتصال)', '11إسناد ( اقسام الاتصال )', 'إسناد ( اقسام الاتصال )', 1),
(2, 'الإقليم الغربي (اتصال)', '12حجب', 'حجب', 1),
(3, 'الإقليم الغربي (اتصال)', '13متابعة_اتصال_مكرر_متعثر_معالجة', 'متابعة_اتصال_مكرر_متعثر_معالجة', 1),
(4, 'الإقليم الغربي (اتصال)', '14رصد_الترحيل_الخاطئ', 'رصد_الترحيل_الخاطئ', 1),
(5, 'الإقليم الجنوبي (اتصال)', '11إسناد ( اقسام الاتصال )', 'إسناد ( اقسام الاتصال )', 2),
(6, 'الإقليم الجنوبي (اتصال)', '12حجب', 'حجب', 2),
(7, 'الإقليم الجنوبي (اتصال)', '13متابعة_اتصال_مكرر_متعثر_معالجة', 'متابعة_اتصال_مكرر_متعثر_معالجة', 2),
(8, 'الإقليم الجنوبي (اتصال)', '14رصد_الترحيل_الخاطئ', 'رصد_الترحيل_الخاطئ', 2),
(9, 'الإقليم الشرقي (اتصال)', '11إسناد ( اقسام الاتصال )', 'إسناد ( اقسام الاتصال )', 3),
(10, 'الإقليم الشرقي (اتصال)', '12حجب', 'حجب', 3),
(11, 'الإقليم الشرقي (اتصال)', '13متابعة_اتصال_مكرر_متعثر_معالجة', 'متابعة_اتصال_مكرر_متعثر_معالجة', 3),
(12, 'الإقليم الشرقي (اتصال)', '14رصد_الترحيل_الخاطئ', 'رصد_الترحيل_الخاطئ', 3),
(13, 'الإقليم الأوسط (اتصال)', '11إسناد ( اقسام الاتصال )', 'إسناد ( اقسام الاتصال )', 4),
(14, 'الإقليم الأوسط (اتصال)', '12حجب', 'حجب', 4),
(15, 'الإقليم الأوسط (اتصال)', '13متابعة_اتصال_مكرر_متعثر_معالجة', 'متابعة_اتصال_مكرر_متعثر_معالجة', 4),
(16, 'الإقليم الأوسط (اتصال)', '14رصد_الترحيل_الخاطئ', 'رصد_الترحيل_الخاطئ', 4),
(17, 'الإقليم الغربي (فلترة & تحليل)', '101إسناد', 'إسناد', 5),
(18, 'الإقليم الغربي (فلترة & تحليل)', '102حجب', 'حجب', 5),
(19, 'الإقليم الغربي (فلترة & تحليل)', '103متابعة_اتصال_مكرر_متعثر_معالجة', 'متابعة_اتصال_مكرر_متعثر_معالجة', 5),
(20, 'الإقليم الغربي (فلترة & تحليل)', '104رصد_الترحيل_الخاطئ', 'رصد_الترحيل_الخاطئ', 5),
(21, 'الإقليم الغربي (فلترة & تحليل)', '105إسناد_بعد_الفلترة_موثق', 'إسناد_بعد_الفلترة_موثق', 5),
(22, 'الإقليم الغربي (فلترة & تحليل)', '106اسناد_FTC_MED_Auto', 'اسناد_FTC_MED_Auto', 5),
(23, 'الإقليم الغربي (فلترة & تحليل)', '107حجب_FTC_MED_Auto', 'حجب_FTC_MED_Auto', 5),
(24, 'الإقليم الغربي (فلترة & تحليل)', '108ترحيل_للجدولة_والاتصال', 'ترحيل_للجدولة_والاتصال', 5),
(25, 'الإقليم الغربي (فلترة & تحليل)', '109تدقيق_جاسبر_متجاوز_JNC_FTC_D24_CDK', 'تدقيق_جاسبر_متجاوز_JNC_FTC_D24_CDK', 5),
(26, 'الإقليم الغربي (فلترة & تحليل)', '110تحليل الأوامر المسندة والتي لا تزال في ابداع', 'تحليل الأوامر المسندة والتي لا تزال في ابداع', 5),
(27, 'الإقليم الغربي (فلترة & تحليل)', '111تحليل مكرر الاسناد', 'تحليل مكرر الاسناد', 5),
(28, 'الإقليم الغربي (فلترة & تحليل)', '112تحليل متجاوز 30 يوم', 'تحليل متجاوز 30 يوم', 5),
(29, 'الإقليم الغربي (فلترة & تحليل)', '113تحليل المسند ولم يخصص له فني بالمناطق', 'تحليل المسند ولم يخصص له فني بالمناطق', 5),
(30, 'الإقليم الغربي (فلترة & تحليل)', '114تحليل المخصص للفني ولم يتخذ فيه اجراء', 'تحليل المخصص للفني ولم يتخذ فيه اجراء', 5),
(31, 'الإقليم الغربي (فلترة & تحليل)', '115تحليل الرجيع الصباحي لكود لا يرد', 'تحليل الرجيع الصباحي لكود لا يرد', 5),
(32, 'الإقليم الغربي (فلترة & تحليل)', '116الشكاوي والملاحظات الأخرى', 'الشكاوي والملاحظات الأخرى', 5),
(33, 'الإقليم الجنوبي (فلترة & تحليل)', '101إسناد', 'إسناد', 6),
(34, 'الإقليم الجنوبي (فلترة & تحليل)', '102حجب', 'حجب', 6),
(35, 'الإقليم الجنوبي (فلترة & تحليل)', '103متابعة_اتصال_مكرر_متعثر_معالجة', 'متابعة_اتصال_مكرر_متعثر_معالجة', 6),
(36, 'الإقليم الجنوبي (فلترة & تحليل)', '104رصد_الترحيل_الخاطئ', 'رصد_الترحيل_الخاطئ', 6),
(37, 'الإقليم الجنوبي (فلترة & تحليل)', '105إسناد_بعد_الفلترة_موثق', 'إسناد_بعد_الفلترة_موثق', 6),
(38, 'الإقليم الجنوبي (فلترة & تحليل)', '106اسناد_FTC_MED_Auto', 'اسناد_FTC_MED_Auto', 6),
(39, 'الإقليم الجنوبي (فلترة & تحليل)', '107حجب_FTC_MED_Auto', 'حجب_FTC_MED_Auto', 6),
(40, 'الإقليم الجنوبي (فلترة & تحليل)', '108ترحيل_للجدولة_والاتصال', 'ترحيل_للجدولة_والاتصال', 6),
(41, 'الإقليم الجنوبي (فلترة & تحليل)', '109تدقيق_جاسبر_متجاوز_JNC_FTC_D24_CDK', 'تدقيق_جاسبر_متجاوز_JNC_FTC_D24_CDK', 6),
(42, 'الإقليم الجنوبي (فلترة & تحليل)', '110تحليل الأوامر المسندة والتي لا تزال في ابداع', 'تحليل الأوامر المسندة والتي لا تزال في ابداع', 6),
(43, 'الإقليم الجنوبي (فلترة & تحليل)', '111تحليل مكرر الاسناد', 'تحليل مكرر الاسناد', 6),
(44, 'الإقليم الجنوبي (فلترة & تحليل)', '112تحليل متجاوز 30 يوم', 'تحليل متجاوز 30 يوم', 6),
(45, 'الإقليم الجنوبي (فلترة & تحليل)', '113تحليل المسند ولم يخصص له فني بالمناطق', 'تحليل المسند ولم يخصص له فني بالمناطق', 6),
(46, 'الإقليم الجنوبي (فلترة & تحليل)', '114تحليل المخصص للفني ولم يتخذ فيه اجراء', 'تحليل المخصص للفني ولم يتخذ فيه اجراء', 6),
(47, 'الإقليم الجنوبي (فلترة & تحليل)', '115تحليل الرجيع الصباحي لكود لا يرد', 'تحليل الرجيع الصباحي لكود لا يرد', 6),
(48, 'الإقليم الجنوبي (فلترة & تحليل)', '116الشكاوي والملاحظات الأخرى', 'الشكاوي والملاحظات الأخرى', 6),
(49, 'الإقليم الشرقي (فلترة & تحليل)', '101إسناد', 'إسناد', 7),
(50, 'الإقليم الشرقي (فلترة & تحليل)', '102حجب', 'حجب', 7),
(51, 'الإقليم الشرقي (فلترة & تحليل)', '103متابعة_اتصال_مكرر_متعثر_معالجة', 'متابعة_اتصال_مكرر_متعثر_معالجة', 7),
(52, 'الإقليم الشرقي (فلترة & تحليل)', '104رصد_الترحيل_الخاطئ', 'رصد_الترحيل_الخاطئ', 7),
(53, 'الإقليم الشرقي (فلترة & تحليل)', '105إسناد_بعد_الفلترة_موثق', 'إسناد_بعد_الفلترة_موثق', 7),
(54, 'الإقليم الشرقي (فلترة & تحليل)', '106اسناد_FTC_MED_Auto', 'اسناد_FTC_MED_Auto', 7),
(55, 'الإقليم الشرقي (فلترة & تحليل)', '107حجب_FTC_MED_Auto', 'حجب_FTC_MED_Auto', 7),
(56, 'الإقليم الشرقي (فلترة & تحليل)', '108ترحيل_للجدولة_والاتصال', 'ترحيل_للجدولة_والاتصال', 7),
(57, 'الإقليم الشرقي (فلترة & تحليل)', '109تدقيق_جاسبر_متجاوز_JNC_FTC_D24_CDK', 'تدقيق_جاسبر_متجاوز_JNC_FTC_D24_CDK', 7),
(58, 'الإقليم الشرقي (فلترة & تحليل)', '110تحليل الأوامر المسندة والتي لا تزال في ابداع', 'تحليل الأوامر المسندة والتي لا تزال في ابداع', 7),
(59, 'الإقليم الشرقي (فلترة & تحليل)', '111تحليل مكرر الاسناد', 'تحليل مكرر الاسناد', 7),
(60, 'الإقليم الشرقي (فلترة & تحليل)', '112تحليل متجاوز 30 يوم', 'تحليل متجاوز 30 يوم', 7),
(61, 'الإقليم الشرقي (فلترة & تحليل)', '113تحليل المسند ولم يخصص له فني بالمناطق', 'تحليل المسند ولم يخصص له فني بالمناطق', 7),
(62, 'الإقليم الشرقي (فلترة & تحليل)', '114تحليل المخصص للفني ولم يتخذ فيه اجراء', 'تحليل المخصص للفني ولم يتخذ فيه اجراء', 7),
(63, 'الإقليم الشرقي (فلترة & تحليل)', '115تحليل الرجيع الصباحي لكود لا يرد', 'تحليل الرجيع الصباحي لكود لا يرد', 7),
(64, 'الإقليم الشرقي (فلترة & تحليل)', '116الشكاوي والملاحظات الأخرى', 'الشكاوي والملاحظات الأخرى', 7),
(65, 'الإقليم الأوسط (فلترة & تحليل)', '101إسناد', 'إسناد', 8),
(66, 'الإقليم الأوسط (فلترة & تحليل)', '102حجب', 'حجب', 8),
(67, 'الإقليم الأوسط (فلترة & تحليل)', '103متابعة_اتصال_مكرر_متعثر_معالجة', 'متابعة_اتصال_مكرر_متعثر_معالجة', 8),
(68, 'الإقليم الأوسط (فلترة & تحليل)', '104رصد_الترحيل_الخاطئ', 'رصد_الترحيل_الخاطئ', 8),
(69, 'الإقليم الأوسط (فلترة & تحليل)', '105إسناد_بعد_الفلترة_موثق', 'إسناد_بعد_الفلترة_موثق', 8),
(70, 'الإقليم الأوسط (فلترة & تحليل)', '106اسناد_FTC_MED_Auto', 'اسناد_FTC_MED_Auto', 8),
(71, 'الإقليم الأوسط (فلترة & تحليل)', '107حجب_FTC_MED_Auto', 'حجب_FTC_MED_Auto', 8),
(72, 'الإقليم الأوسط (فلترة & تحليل)', '108ترحيل_للجدولة_والاتصال', 'ترحيل_للجدولة_والاتصال', 8),
(73, 'الإقليم الأوسط (فلترة & تحليل)', '109تدقيق_جاسبر_متجاوز_JNC_FTC_D24_CDK', 'تدقيق_جاسبر_متجاوز_JNC_FTC_D24_CDK', 8),
(74, 'الإقليم الأوسط (فلترة & تحليل)', '110تحليل الأوامر المسندة والتي لا تزال في ابداع', 'تحليل الأوامر المسندة والتي لا تزال في ابداع', 8),
(75, 'الإقليم الأوسط (فلترة & تحليل)', '111تحليل مكرر الاسناد', 'تحليل مكرر الاسناد', 8),
(76, 'الإقليم الأوسط (فلترة & تحليل)', '112تحليل متجاوز 30 يوم', 'تحليل متجاوز 30 يوم', 8),
(77, 'الإقليم الأوسط (فلترة & تحليل)', '113تحليل المسند ولم يخصص له فني بالمناطق', 'تحليل المسند ولم يخصص له فني بالمناطق', 8),
(78, 'الإقليم الأوسط (فلترة & تحليل)', '114تحليل المخصص للفني ولم يتخذ فيه اجراء', 'تحليل المخصص للفني ولم يتخذ فيه اجراء', 8),
(79, 'الإقليم الأوسط (فلترة & تحليل)', '115تحليل الرجيع الصباحي لكود لا يرد', 'تحليل الرجيع الصباحي لكود لا يرد', 8),
(80, 'الإقليم الأوسط (فلترة & تحليل)', '116الشكاوي والملاحظات الأخرى', 'الشكاوي والملاحظات الأخرى', 8);

-- --------------------------------------------------------

--
-- Table structure for table `main_main_main`
--

CREATE TABLE `main_main_main` (
  `sern1` int(3) DEFAULT NULL,
  `egra` varchar(31) DEFAULT NULL,
  `bacus` varchar(44) DEFAULT NULL,
  `bacus1` varchar(50) DEFAULT NULL,
  `id_2` int(2) DEFAULT NULL,
  `codeCode` varchar(53) DEFAULT NULL
) ENGINE=InnoDB DEFAULT CHARSET=utf8;

--
-- Dumping data for table `main_main_main`
--

INSERT INTO `main_main_main` (`sern1`, `egra`, `bacus`, `bacus1`, `id_2`, `codeCode`) VALUES
(1, 'الإقليم الغربي (اتصال)', 'إسناد ( اقسام الاتصال )', 'تم الإسناد بطلب او تنسيق مع المنطقة', 1, '201تم الإسناد بطلب او تنسيق مع المنطقة'),
(2, 'الإقليم الغربي (اتصال)', 'إسناد ( اقسام الاتصال )', 'تم الأسناد بعد رد العميل', 1, '202تم الأسناد بعد رد العميل'),
(3, 'الإقليم الغربي (اتصال)', 'إسناد ( اقسام الاتصال )', 'تم الأسناد مع تحديث رقم التواصل', 1, '203تم الأسناد مع تحديث رقم التواصل'),
(4, 'الإقليم الغربي (اتصال)', 'إسناد ( اقسام الاتصال )', 'تم تأكيد موعد العميل بعد الرد', 1, '204تم تأكيد موعد العميل بعد الرد'),
(5, 'الإقليم الغربي (اتصال)', 'إسناد ( اقسام الاتصال )', 'مخلوف تم إعادة إسناده - تم تحديث رقم التواصل', 1, '205مخلوف تم إعادة إسناده - تم تحديث رقم التواصل'),
(6, 'الإقليم الغربي (اتصال)', 'إسناد ( اقسام الاتصال )', 'مخلوف تم إعادة إسناده - إفادة الفني (صحيحة)', 1, '206مخلوف تم إعادة إسناده - إفادة الفني (صحيحة)'),
(7, 'الإقليم الغربي (اتصال)', 'إسناد ( اقسام الاتصال )', 'مخلوف تم إعادة إسناده - إفادة الفني x غير صحيحة x', 1, '207مخلوف تم إعادة إسناده - إفادة الفني x غير صحيحة x'),
(8, 'الإقليم الغربي (اتصال)', 'إسناد ( اقسام الاتصال )', 'مخلوف تم إعادة إسناده - يحتاج توضيح إفادة الفني', 1, '208مخلوف تم إعادة إسناده - يحتاج توضيح إفادة الفني'),
(9, 'الإقليم الغربي (اتصال)', 'إسناد ( اقسام الاتصال )', 'تم تسويق  خدمة FTTD والعميل يرغب', 1, '209تم تسويق  خدمة FTTD والعميل يرغب'),
(10, 'الإقليم الغربي (اتصال)', 'إسناد ( اقسام الاتصال )', 'تم الأسناد دون رد العميل بناء على الإجراء', 1, '210تم الأسناد دون رد العميل بناء على الإجراء'),
(11, 'الإقليم الغربي (اتصال)', 'إسناد ( اقسام الاتصال )', 'يحتاج تتبع بورت / توصيلة في الطبيعة .. للمعالجة', 1, '211يحتاج تتبع بورت / توصيلة في الطبيعة .. للمعالجة'),
(12, 'الإقليم الغربي (اتصال)', 'حجب', 'اشارة افاق ضعيفة من المقسم', 2, '212اشارة افاق ضعيفة من المقسم'),
(13, 'الإقليم الغربي (اتصال)', 'حجب', 'البيانات غير مبنية في النظام', 2, '213البيانات غير مبنية في النظام'),
(14, 'الإقليم الغربي (اتصال)', 'حجب', 'الخدمة مركبة لدى العميل (إستكمال الأمر)', 2, '214الخدمة مركبة لدى العميل (إستكمال الأمر)'),
(15, 'الإقليم الغربي (اتصال)', 'حجب', 'العلبة مكسورة', 2, '215العلبة مكسورة'),
(16, 'الإقليم الغربي (اتصال)', 'حجب', 'العميل غير موجود و لا يجيب', 2, '216العميل غير موجود و لا يجيب'),
(17, 'الإقليم الغربي (اتصال)', 'حجب', 'العميل لا يوجد لديه أصل الهوية (الأثبات)', 2, '217العميل لا يوجد لديه أصل الهوية (الأثبات)'),
(18, 'الإقليم الغربي (اتصال)', 'حجب', 'العميل متوفى', 2, '218العميل متوفى'),
(19, 'الإقليم الغربي (اتصال)', 'حجب', 'العميل مسافر', 2, '219العميل مسافر'),
(20, 'الإقليم الغربي (اتصال)', 'حجب', 'العميل يطلب التأجيل اكثر من 30 يوم', 2, '220العميل يطلب التأجيل اكثر من 30 يوم'),
(21, 'الإقليم الغربي (اتصال)', 'حجب', 'الموقع تجاري (منشآت كبيرة)/ شريحة قطاع أعمال', 2, '221الموقع تجاري (منشآت كبيرة)/ شريحة قطاع أعمال'),
(22, 'الإقليم الغربي (اتصال)', 'حجب', 'الموقع غير مخدوم بشبكة الـFTTH', 2, '222الموقع غير مخدوم بشبكة الـFTTH'),
(23, 'الإقليم الغربي (اتصال)', 'حجب', 'الموقع غير مخدوم بعلبة DP/TB', 2, '223الموقع غير مخدوم بعلبة DP/TB'),
(24, 'الإقليم الغربي (اتصال)', 'حجب', 'الموقع مخدوم بالشبكة الأرضية', 2, '224الموقع مخدوم بالشبكة الأرضية'),
(25, 'الإقليم الغربي (اتصال)', 'حجب', 'الموقع يحتاج تركيب سلك خدمة BSW', 2, '225الموقع يحتاج تركيب سلك خدمة BSW'),
(26, 'الإقليم الغربي (اتصال)', 'حجب', 'أمر مكرر (لم يطلبه العميل)', 2, '226أمر مكرر (لم يطلبه العميل)'),
(27, 'الإقليم الغربي (اتصال)', 'حجب', 'إيقاف بطلب منافذ البيع', 2, '227إيقاف بطلب منافذ البيع'),
(28, 'الإقليم الغربي (اتصال)', 'حجب', 'تراجع ( دون تحديد سبب او لعدم الحاجة )', 2, '228تراجع ( دون تحديد سبب او لعدم الحاجة )'),
(29, 'الإقليم الغربي (اتصال)', 'حجب', 'تفعيل شعيره - بورت إضافي', 2, '229تفعيل شعيره - بورت إضافي'),
(30, 'الإقليم الغربي (اتصال)', 'حجب', 'رقم الاتصال خاطئ (المخاطب لايعرف العميل)', 2, '230رقم الاتصال خاطئ (المخاطب لايعرف العميل)'),
(31, 'الإقليم الغربي (اتصال)', 'حجب', 'لا يرغب xx لم يطلب الخدمة xx', 2, '231لا يرغب xx لم يطلب الخدمة xx'),
(32, 'الإقليم الغربي (اتصال)', 'حجب', 'لا يرغب العميل لانتقاله لموقع اخر', 2, '232لا يرغب العميل لانتقاله لموقع اخر'),
(33, 'الإقليم الغربي (اتصال)', 'حجب', 'لا يرغب العميل للتأخير في التركيب', 2, '233لا يرغب العميل للتأخير في التركيب'),
(34, 'الإقليم الغربي (اتصال)', 'حجب', 'لا يرغب العميل لخطأ في انشاء الامر (طلب خدمة أخرى)', 2, '234لا يرغب العميل لخطأ في انشاء الامر (طلب خدمة أخرى)'),
(35, 'الإقليم الغربي (اتصال)', 'حجب', 'لا يرغب العميل لديه خدمة بالموقع', 2, '235لا يرغب العميل لديه خدمة بالموقع'),
(36, 'الإقليم الغربي (اتصال)', 'حجب', 'لا يرغب العميل لرغبته برقم مميز', 2, '236لا يرغب العميل لرغبته برقم مميز'),
(37, 'الإقليم الغربي (اتصال)', 'حجب', 'لا يرغب العميل لرغبته في تركيبها على رقم اخر', 2, '237لا يرغب العميل لرغبته في تركيبها على رقم اخر'),
(38, 'الإقليم الغربي (اتصال)', 'حجب', 'لا يرغب العميل بسبب سعر تكلفة الخدمة/جهاز', 2, '238لا يرغب العميل بسبب سعر تكلفة الخدمة/جهاز'),
(39, 'الإقليم الغربي (اتصال)', 'حجب', 'لا يرغب العميل لسوء جودة الخدمة', 2, '239لا يرغب العميل لسوء جودة الخدمة'),
(40, 'الإقليم الغربي (اتصال)', 'حجب', 'لا يرغب العميل لسوء معاملة الفني', 2, '240لا يرغب العميل لسوء معاملة الفني'),
(41, 'الإقليم الغربي (اتصال)', 'حجب', 'لا يرغب العميل لعدم رغبته (مالك العقار) ت.خ FTTH', 2, '241لا يرغب العميل لعدم رغبته (مالك العقار) ت.خ FTTH'),
(42, 'الإقليم الغربي (اتصال)', 'حجب', 'تم تسويق  خدمة FTTD والعميل لا يرغب', 2, '242تم تسويق  خدمة FTTD والعميل لا يرغب'),
(43, 'الإقليم الغربي (اتصال)', 'حجب', 'تم تسويق  خدمة FTTD ولم تتحقق الشروط', 2, '243تم تسويق  خدمة FTTD ولم تتحقق الشروط'),
(44, 'الإقليم الغربي (اتصال)', 'حجب', 'لا يرغب العميل لعدم رغبته بتغيير المودم', 2, '244لا يرغب العميل لعدم رغبته بتغيير المودم'),
(45, 'الإقليم الغربي (اتصال)', 'حجب', 'لا يرغب العميل لمعلومة خاطئة عن المحتوى والسعر', 2, '245لا يرغب العميل لمعلومة خاطئة عن المحتوى والسعر'),
(46, 'الإقليم الغربي (اتصال)', 'حجب', 'لا يوجد هواتف اتصال', 2, '246لا يوجد هواتف اتصال'),
(47, 'الإقليم الغربي (اتصال)', 'حجب', 'هاتف العميل مفصول عن الخدمة (عليه فاتورة)', 2, '247هاتف العميل مفصول عن الخدمة (عليه فاتورة)'),
(48, 'الإقليم الغربي (اتصال)', 'حجب', 'يحتاج تحديث الشبكة الداخلية/الخارجية', 2, '248يحتاج تحديث الشبكة الداخلية/الخارجية'),
(49, 'الإقليم الغربي (اتصال)', 'حجب', 'يحتاج تصحيح أسم العميل', 2, '249يحتاج تصحيح أسم العميل'),
(50, 'الإقليم الغربي (اتصال)', 'حجب', 'لا يرغب العميل لعدم رغبته بالتسليك الخارجي COPPER', 2, '250لا يرغب العميل لعدم رغبته بالتسليك الخارجي COPPER'),
(51, 'الإقليم الغربي (اتصال)', 'حجب', 'الموقع غير مخدوم 4G&3G', 2, '251الموقع غير مخدوم 4G&3G'),
(52, 'الإقليم الغربي (اتصال)', 'حجب', 'لا يرغب العميل لديه الخدمة البديلة', 2, '252لا يرغب العميل لديه الخدمة البديلة'),
(53, 'الإقليم الغربي (اتصال)', 'حجب', 'يحتاج تصحيح أمر الخدمة', 2, '253يحتاج تصحيح أمر الخدمة'),
(54, 'الإقليم الغربي (اتصال)', 'حجب', 'الموقع مخدوم بكيبل نحاسي غير مؤهل IPTV انفجن', 2, '254الموقع مخدوم بكيبل نحاسي غير مؤهل IPTV انفجن'),
(55, 'الإقليم الغربي (اتصال)', 'متابعة_اتصال_مكرر_متعثر_معالجة', 'العميل لا يرد', 3, '255العميل لا يرد'),
(56, 'الإقليم الغربي (اتصال)', 'متابعة_اتصال_مكرر_متعثر_معالجة', 'العميل لايرغب تغيير موعد التركيب (متابعة المشرف)', 3, '256العميل لايرغب تغيير موعد التركيب (متابعة المشرف)'),
(57, 'الإقليم الغربي (اتصال)', 'متابعة_اتصال_مكرر_متعثر_معالجة', 'العميل يرغب بالتواصل في وقت آخر', 3, '257العميل يرغب بالتواصل في وقت آخر'),
(58, 'الإقليم الغربي (اتصال)', 'متابعة_اتصال_مكرر_متعثر_معالجة', 'العميل يرفض المكالمة (يغلق الخط)', 3, '258العميل يرفض المكالمة (يغلق الخط)'),
(59, 'الإقليم الغربي (اتصال)', 'متابعة_اتصال_مكرر_متعثر_معالجة', 'المخاطب (قريب - صديق - موظف) سيتحقق من العميل', 3, '259المخاطب (قريب - صديق - موظف) سيتحقق من العميل'),
(60, 'الإقليم الغربي (اتصال)', 'متابعة_اتصال_مكرر_متعثر_معالجة', 'المخاطب لا يعرف العميل - تواصل على الثابت', 3, '260المخاطب لا يعرف العميل - تواصل على الثابت'),
(61, 'الإقليم الغربي (اتصال)', 'متابعة_اتصال_مكرر_متعثر_معالجة', 'انقطعت المكالمة من قبل العميل أثناء المحادثة', 3, '261انقطعت المكالمة من قبل العميل أثناء المحادثة'),
(62, 'الإقليم الغربي (اتصال)', 'متابعة_اتصال_مكرر_متعثر_معالجة', 'انقطعت المكالمة من قبل النظام أثناء المحادثة', 3, '262انقطعت المكالمة من قبل النظام أثناء المحادثة'),
(63, 'الإقليم الغربي (اتصال)', 'متابعة_اتصال_مكرر_متعثر_معالجة', 'جوال العميل رسالة تعثر مرور المكالمة', 3, '263جوال العميل رسالة تعثر مرور المكالمة'),
(64, 'الإقليم الغربي (اتصال)', 'متابعة_اتصال_مكرر_متعثر_معالجة', 'جوال العميل مشغول باستمرار', 3, '264جوال العميل مشغول باستمرار'),
(65, 'الإقليم الغربي (اتصال)', 'متابعة_اتصال_مكرر_متعثر_معالجة', 'جوال العميل مغلق', 3, '265جوال العميل مغلق'),
(66, 'الإقليم الغربي (اتصال)', 'متابعة_اتصال_مكرر_متعثر_معالجة', 'جوال العميل مفصول', 3, '266جوال العميل مفصول'),
(67, 'الإقليم الغربي (اتصال)', 'رصد_الترحيل_الخاطئ', 'خطأ ترحيل ( التزام بالموعد )', 4, '267خطأ ترحيل ( التزام بالموعد )'),
(68, 'الإقليم الغربي (اتصال)', 'رصد_الترحيل_الخاطئ', 'خطأ ترحيل ( كود )', 4, '268خطأ ترحيل ( كود )'),
(69, 'الإقليم الغربي (اتصال)', 'رصد_الترحيل_الخاطئ', 'خطأ ترحيل (افادة غير و اضحة)', 4, '269خطأ ترحيل (افادة غير و اضحة)'),
(70, 'الإقليم الغربي (اتصال)', 'رصد_الترحيل_الخاطئ', 'خطأ ترحيل (يدوي)', 4, '270خطأ ترحيل (يدوي)'),
(71, 'الإقليم الغربي (اتصال)', 'رصد_الترحيل_الخاطئ', 'لا يوجد مذكرة فني', 4, '271لا يوجد مذكرة فني'),
(72, 'الإقليم الغربي (اتصال)', 'رصد_الترحيل_الخاطئ', 'مخلوف شركة', 4, '272مخلوف شركة'),
(73, 'الإقليم الغربي (اتصال)', 'رصد_الترحيل_الخاطئ', 'مخلوف عميـل', 4, '273مخلوف عميـل'),
(74, 'الإقليم الغربي (اتصال)', 'رصد_الترحيل_الخاطئ', 'العميل يرغب التأجيل خلال 24س بناءً على إفادة الفني', 4, '274العميل يرغب التأجيل خلال 24س بناءً على إفادة الفني'),
(75, 'الإقليم الغربي (اتصال)', 'رصد_الترحيل_الخاطئ', 'ترحيل خاطئ من داخل الشعبة', 4, '275ترحيل خاطئ من داخل الشعبة'),
(76, 'الإقليم الغربي (اتصال)', 'رصد_الترحيل_الخاطئ', 'غير مكتمل فلترة', 4, '276غير مكتمل فلترة'),
(77, 'الإقليم الجنوبي (اتصال)', 'إسناد ( اقسام الاتصال )', 'تم الإسناد بطلب او تنسيق مع المنطقة', 5, '201تم الإسناد بطلب او تنسيق مع المنطقة'),
(78, 'الإقليم الجنوبي (اتصال)', 'إسناد ( اقسام الاتصال )', 'تم الأسناد بعد رد العميل', 5, '202تم الأسناد بعد رد العميل'),
(79, 'الإقليم الجنوبي (اتصال)', 'إسناد ( اقسام الاتصال )', 'تم الأسناد مع تحديث رقم التواصل', 5, '203تم الأسناد مع تحديث رقم التواصل'),
(80, 'الإقليم الجنوبي (اتصال)', 'إسناد ( اقسام الاتصال )', 'تم تأكيد موعد العميل بعد الرد', 5, '204تم تأكيد موعد العميل بعد الرد'),
(81, 'الإقليم الجنوبي (اتصال)', 'إسناد ( اقسام الاتصال )', 'مخلوف تم إعادة إسناده - تم تحديث رقم التواصل', 5, '205مخلوف تم إعادة إسناده - تم تحديث رقم التواصل'),
(82, 'الإقليم الجنوبي (اتصال)', 'إسناد ( اقسام الاتصال )', 'مخلوف تم إعادة إسناده - إفادة الفني (صحيحة)', 5, '206مخلوف تم إعادة إسناده - إفادة الفني (صحيحة)'),
(83, 'الإقليم الجنوبي (اتصال)', 'إسناد ( اقسام الاتصال )', 'مخلوف تم إعادة إسناده - إفادة الفني x غير صحيحة x', 5, '207مخلوف تم إعادة إسناده - إفادة الفني x غير صحيحة x'),
(84, 'الإقليم الجنوبي (اتصال)', 'إسناد ( اقسام الاتصال )', 'مخلوف تم إعادة إسناده - يحتاج توضيح إفادة الفني', 5, '208مخلوف تم إعادة إسناده - يحتاج توضيح إفادة الفني'),
(85, 'الإقليم الجنوبي (اتصال)', 'إسناد ( اقسام الاتصال )', 'تم تسويق  خدمة FTTD والعميل يرغب', 5, '209تم تسويق  خدمة FTTD والعميل يرغب'),
(86, 'الإقليم الجنوبي (اتصال)', 'إسناد ( اقسام الاتصال )', 'تم الأسناد دون رد العميل بناء على الإجراء', 5, '210تم الأسناد دون رد العميل بناء على الإجراء'),
(87, 'الإقليم الجنوبي (اتصال)', 'إسناد ( اقسام الاتصال )', 'يحتاج تتبع بورت / توصيلة في الطبيعة .. للمعالجة', 5, '211يحتاج تتبع بورت / توصيلة في الطبيعة .. للمعالجة'),
(88, 'الإقليم الجنوبي (اتصال)', 'حجب', 'اشارة افاق ضعيفة من المقسم', 6, '212اشارة افاق ضعيفة من المقسم'),
(89, 'الإقليم الجنوبي (اتصال)', 'حجب', 'البيانات غير مبنية في النظام', 6, '213البيانات غير مبنية في النظام'),
(90, 'الإقليم الجنوبي (اتصال)', 'حجب', 'الخدمة مركبة لدى العميل (إستكمال الأمر)', 6, '214الخدمة مركبة لدى العميل (إستكمال الأمر)'),
(91, 'الإقليم الجنوبي (اتصال)', 'حجب', 'العلبة مكسورة', 6, '215العلبة مكسورة'),
(92, 'الإقليم الجنوبي (اتصال)', 'حجب', 'العميل غير موجود و لا يجيب', 6, '216العميل غير موجود و لا يجيب'),
(93, 'الإقليم الجنوبي (اتصال)', 'حجب', 'العميل لا يوجد لديه أصل الهوية (الأثبات)', 6, '217العميل لا يوجد لديه أصل الهوية (الأثبات)'),
(94, 'الإقليم الجنوبي (اتصال)', 'حجب', 'العميل متوفى', 6, '218العميل متوفى'),
(95, 'الإقليم الجنوبي (اتصال)', 'حجب', 'العميل مسافر', 6, '219العميل مسافر'),
(96, 'الإقليم الجنوبي (اتصال)', 'حجب', 'العميل يطلب التأجيل اكثر من 30 يوم', 6, '220العميل يطلب التأجيل اكثر من 30 يوم'),
(97, 'الإقليم الجنوبي (اتصال)', 'حجب', 'الموقع تجاري (منشآت كبيرة)/ شريحة قطاع أعمال', 6, '221الموقع تجاري (منشآت كبيرة)/ شريحة قطاع أعمال'),
(98, 'الإقليم الجنوبي (اتصال)', 'حجب', 'الموقع غير مخدوم بشبكة الـFTTH', 6, '222الموقع غير مخدوم بشبكة الـFTTH'),
(99, 'الإقليم الجنوبي (اتصال)', 'حجب', 'الموقع غير مخدوم بعلبة DP/TB', 6, '223الموقع غير مخدوم بعلبة DP/TB'),
(100, 'الإقليم الجنوبي (اتصال)', 'حجب', 'الموقع مخدوم بالشبكة الأرضية', 6, '224الموقع مخدوم بالشبكة الأرضية'),
(101, 'الإقليم الجنوبي (اتصال)', 'حجب', 'الموقع يحتاج تركيب سلك خدمة BSW', 6, '225الموقع يحتاج تركيب سلك خدمة BSW'),
(102, 'الإقليم الجنوبي (اتصال)', 'حجب', 'أمر مكرر (لم يطلبه العميل)', 6, '226أمر مكرر (لم يطلبه العميل)'),
(103, 'الإقليم الجنوبي (اتصال)', 'حجب', 'إيقاف بطلب منافذ البيع', 6, '227إيقاف بطلب منافذ البيع'),
(104, 'الإقليم الجنوبي (اتصال)', 'حجب', 'تراجع ( دون تحديد سبب او لعدم الحاجة )', 6, '228تراجع ( دون تحديد سبب او لعدم الحاجة )'),
(105, 'الإقليم الجنوبي (اتصال)', 'حجب', 'تفعيل شعيره - بورت إضافي', 6, '229تفعيل شعيره - بورت إضافي'),
(106, 'الإقليم الجنوبي (اتصال)', 'حجب', 'رقم الاتصال خاطئ (المخاطب لايعرف العميل)', 6, '230رقم الاتصال خاطئ (المخاطب لايعرف العميل)'),
(107, 'الإقليم الجنوبي (اتصال)', 'حجب', 'لا يرغب xx لم يطلب الخدمة xx', 6, '231لا يرغب xx لم يطلب الخدمة xx'),
(108, 'الإقليم الجنوبي (اتصال)', 'حجب', 'لا يرغب العميل لانتقاله لموقع اخر', 6, '232لا يرغب العميل لانتقاله لموقع اخر'),
(109, 'الإقليم الجنوبي (اتصال)', 'حجب', 'لا يرغب العميل للتأخير في التركيب', 6, '233لا يرغب العميل للتأخير في التركيب'),
(110, 'الإقليم الجنوبي (اتصال)', 'حجب', 'لا يرغب العميل لخطأ في انشاء الامر (طلب خدمة أخرى)', 6, '234لا يرغب العميل لخطأ في انشاء الامر (طلب خدمة أخرى)'),
(111, 'الإقليم الجنوبي (اتصال)', 'حجب', 'لا يرغب العميل لديه خدمة بالموقع', 6, '235لا يرغب العميل لديه خدمة بالموقع'),
(112, 'الإقليم الجنوبي (اتصال)', 'حجب', 'لا يرغب العميل لرغبته برقم مميز', 6, '236لا يرغب العميل لرغبته برقم مميز'),
(113, 'الإقليم الجنوبي (اتصال)', 'حجب', 'لا يرغب العميل لرغبته في تركيبها على رقم اخر', 6, '237لا يرغب العميل لرغبته في تركيبها على رقم اخر'),
(114, 'الإقليم الجنوبي (اتصال)', 'حجب', 'لا يرغب العميل بسبب سعر تكلفة الخدمة/جهاز', 6, '238لا يرغب العميل بسبب سعر تكلفة الخدمة/جهاز'),
(115, 'الإقليم الجنوبي (اتصال)', 'حجب', 'لا يرغب العميل لسوء جودة الخدمة', 6, '239لا يرغب العميل لسوء جودة الخدمة'),
(116, 'الإقليم الجنوبي (اتصال)', 'حجب', 'لا يرغب العميل لسوء معاملة الفني', 6, '240لا يرغب العميل لسوء معاملة الفني'),
(117, 'الإقليم الجنوبي (اتصال)', 'حجب', 'لا يرغب العميل لعدم رغبته (مالك العقار) ت.خ FTTH', 6, '241لا يرغب العميل لعدم رغبته (مالك العقار) ت.خ FTTH'),
(118, 'الإقليم الجنوبي (اتصال)', 'حجب', 'تم تسويق  خدمة FTTD والعميل لا يرغب', 6, '242تم تسويق  خدمة FTTD والعميل لا يرغب'),
(119, 'الإقليم الجنوبي (اتصال)', 'حجب', 'تم تسويق  خدمة FTTD ولم تتحقق الشروط', 6, '243تم تسويق  خدمة FTTD ولم تتحقق الشروط'),
(120, 'الإقليم الجنوبي (اتصال)', 'حجب', 'لا يرغب العميل لعدم رغبته بتغيير المودم', 6, '244لا يرغب العميل لعدم رغبته بتغيير المودم'),
(121, 'الإقليم الجنوبي (اتصال)', 'حجب', 'لا يرغب العميل لمعلومة خاطئة عن المحتوى والسعر', 6, '245لا يرغب العميل لمعلومة خاطئة عن المحتوى والسعر'),
(122, 'الإقليم الجنوبي (اتصال)', 'حجب', 'لا يوجد هواتف اتصال', 6, '246لا يوجد هواتف اتصال'),
(123, 'الإقليم الجنوبي (اتصال)', 'حجب', 'هاتف العميل مفصول عن الخدمة (عليه فاتورة)', 6, '247هاتف العميل مفصول عن الخدمة (عليه فاتورة)'),
(124, 'الإقليم الجنوبي (اتصال)', 'حجب', 'يحتاج تحديث الشبكة الداخلية/الخارجية', 6, '248يحتاج تحديث الشبكة الداخلية/الخارجية'),
(125, 'الإقليم الجنوبي (اتصال)', 'حجب', 'يحتاج تصحيح أسم العميل', 6, '249يحتاج تصحيح أسم العميل'),
(126, 'الإقليم الجنوبي (اتصال)', 'حجب', 'لا يرغب العميل لعدم رغبته بالتسليك الخارجي COPPER', 6, '250لا يرغب العميل لعدم رغبته بالتسليك الخارجي COPPER'),
(127, 'الإقليم الجنوبي (اتصال)', 'حجب', 'الموقع غير مخدوم 4G&3G', 6, '251الموقع غير مخدوم 4G&3G'),
(128, 'الإقليم الجنوبي (اتصال)', 'حجب', 'لا يرغب العميل لديه الخدمة البديلة', 6, '252لا يرغب العميل لديه الخدمة البديلة'),
(129, 'الإقليم الجنوبي (اتصال)', 'حجب', 'يحتاج تصحيح أمر الخدمة', 6, '253يحتاج تصحيح أمر الخدمة'),
(130, 'الإقليم الجنوبي (اتصال)', 'حجب', 'الموقع مخدوم بكيبل نحاسي غير مؤهل IPTV انفجن', 6, '254الموقع مخدوم بكيبل نحاسي غير مؤهل IPTV انفجن'),
(131, 'الإقليم الجنوبي (اتصال)', 'متابعة_اتصال_مكرر_متعثر_معالجة', 'العميل لا يرد', 7, '255العميل لا يرد'),
(132, 'الإقليم الجنوبي (اتصال)', 'متابعة_اتصال_مكرر_متعثر_معالجة', 'العميل لايرغب تغيير موعد التركيب (متابعة المشرف)', 7, '256العميل لايرغب تغيير موعد التركيب (متابعة المشرف)'),
(133, 'الإقليم الجنوبي (اتصال)', 'متابعة_اتصال_مكرر_متعثر_معالجة', 'العميل يرغب بالتواصل في وقت آخر', 7, '257العميل يرغب بالتواصل في وقت آخر'),
(134, 'الإقليم الجنوبي (اتصال)', 'متابعة_اتصال_مكرر_متعثر_معالجة', 'العميل يرفض المكالمة (يغلق الخط)', 7, '258العميل يرفض المكالمة (يغلق الخط)'),
(135, 'الإقليم الجنوبي (اتصال)', 'متابعة_اتصال_مكرر_متعثر_معالجة', 'المخاطب (قريب - صديق - موظف) سيتحقق من العميل', 7, '259المخاطب (قريب - صديق - موظف) سيتحقق من العميل'),
(136, 'الإقليم الجنوبي (اتصال)', 'متابعة_اتصال_مكرر_متعثر_معالجة', 'المخاطب لا يعرف العميل - تواصل على الثابت', 7, '260المخاطب لا يعرف العميل - تواصل على الثابت'),
(137, 'الإقليم الجنوبي (اتصال)', 'متابعة_اتصال_مكرر_متعثر_معالجة', 'انقطعت المكالمة من قبل العميل أثناء المحادثة', 7, '261انقطعت المكالمة من قبل العميل أثناء المحادثة'),
(138, 'الإقليم الجنوبي (اتصال)', 'متابعة_اتصال_مكرر_متعثر_معالجة', 'انقطعت المكالمة من قبل النظام أثناء المحادثة', 7, '262انقطعت المكالمة من قبل النظام أثناء المحادثة'),
(139, 'الإقليم الجنوبي (اتصال)', 'متابعة_اتصال_مكرر_متعثر_معالجة', 'جوال العميل رسالة تعثر مرور المكالمة', 7, '263جوال العميل رسالة تعثر مرور المكالمة'),
(140, 'الإقليم الجنوبي (اتصال)', 'متابعة_اتصال_مكرر_متعثر_معالجة', 'جوال العميل مشغول باستمرار', 7, '264جوال العميل مشغول باستمرار'),
(141, 'الإقليم الجنوبي (اتصال)', 'متابعة_اتصال_مكرر_متعثر_معالجة', 'جوال العميل مغلق', 7, '265جوال العميل مغلق'),
(142, 'الإقليم الجنوبي (اتصال)', 'متابعة_اتصال_مكرر_متعثر_معالجة', 'جوال العميل مفصول', 7, '266جوال العميل مفصول'),
(143, 'الإقليم الجنوبي (اتصال)', 'رصد_الترحيل_الخاطئ', 'خطأ ترحيل ( التزام بالموعد )', 8, '267خطأ ترحيل ( التزام بالموعد )'),
(144, 'الإقليم الجنوبي (اتصال)', 'رصد_الترحيل_الخاطئ', 'خطأ ترحيل ( كود )', 8, '268خطأ ترحيل ( كود )'),
(145, 'الإقليم الجنوبي (اتصال)', 'رصد_الترحيل_الخاطئ', 'خطأ ترحيل (افادة غير و اضحة)', 8, '269خطأ ترحيل (افادة غير و اضحة)'),
(146, 'الإقليم الجنوبي (اتصال)', 'رصد_الترحيل_الخاطئ', 'خطأ ترحيل (يدوي)', 8, '270خطأ ترحيل (يدوي)'),
(147, 'الإقليم الجنوبي (اتصال)', 'رصد_الترحيل_الخاطئ', 'لا يوجد مذكرة فني', 8, '271لا يوجد مذكرة فني'),
(148, 'الإقليم الجنوبي (اتصال)', 'رصد_الترحيل_الخاطئ', 'مخلوف شركة', 8, '272مخلوف شركة'),
(149, 'الإقليم الجنوبي (اتصال)', 'رصد_الترحيل_الخاطئ', 'مخلوف عميـل', 8, '273مخلوف عميـل'),
(150, 'الإقليم الجنوبي (اتصال)', 'رصد_الترحيل_الخاطئ', 'العميل يرغب التأجيل خلال 24س بناءً على إفادة الفني', 8, '274العميل يرغب التأجيل خلال 24س بناءً على إفادة الفني'),
(151, 'الإقليم الجنوبي (اتصال)', 'رصد_الترحيل_الخاطئ', 'ترحيل خاطئ من داخل الشعبة', 8, '275ترحيل خاطئ من داخل الشعبة'),
(152, 'الإقليم الجنوبي (اتصال)', 'رصد_الترحيل_الخاطئ', 'غير مكتمل فلترة', 8, '276غير مكتمل فلترة'),
(153, 'الإقليم الشرقي (اتصال)', 'إسناد ( اقسام الاتصال )', 'تم الإسناد بطلب او تنسيق مع المنطقة', 9, '201تم الإسناد بطلب او تنسيق مع المنطقة'),
(154, 'الإقليم الشرقي (اتصال)', 'إسناد ( اقسام الاتصال )', 'تم الأسناد بعد رد العميل', 9, '202تم الأسناد بعد رد العميل'),
(155, 'الإقليم الشرقي (اتصال)', 'إسناد ( اقسام الاتصال )', 'تم الأسناد مع تحديث رقم التواصل', 9, '203تم الأسناد مع تحديث رقم التواصل'),
(156, 'الإقليم الشرقي (اتصال)', 'إسناد ( اقسام الاتصال )', 'تم تأكيد موعد العميل بعد الرد', 9, '204تم تأكيد موعد العميل بعد الرد'),
(157, 'الإقليم الشرقي (اتصال)', 'إسناد ( اقسام الاتصال )', 'مخلوف تم إعادة إسناده - تم تحديث رقم التواصل', 9, '205مخلوف تم إعادة إسناده - تم تحديث رقم التواصل'),
(158, 'الإقليم الشرقي (اتصال)', 'إسناد ( اقسام الاتصال )', 'مخلوف تم إعادة إسناده - إفادة الفني (صحيحة)', 9, '206مخلوف تم إعادة إسناده - إفادة الفني (صحيحة)'),
(159, 'الإقليم الشرقي (اتصال)', 'إسناد ( اقسام الاتصال )', 'مخلوف تم إعادة إسناده - إفادة الفني x غير صحيحة x', 9, '207مخلوف تم إعادة إسناده - إفادة الفني x غير صحيحة x'),
(160, 'الإقليم الشرقي (اتصال)', 'إسناد ( اقسام الاتصال )', 'مخلوف تم إعادة إسناده - يحتاج توضيح إفادة الفني', 9, '208مخلوف تم إعادة إسناده - يحتاج توضيح إفادة الفني'),
(161, 'الإقليم الشرقي (اتصال)', 'إسناد ( اقسام الاتصال )', 'تم تسويق  خدمة FTTD والعميل يرغب', 9, '209تم تسويق  خدمة FTTD والعميل يرغب'),
(162, 'الإقليم الشرقي (اتصال)', 'إسناد ( اقسام الاتصال )', 'تم الأسناد دون رد العميل بناء على الإجراء', 9, '210تم الأسناد دون رد العميل بناء على الإجراء'),
(163, 'الإقليم الشرقي (اتصال)', 'إسناد ( اقسام الاتصال )', 'يحتاج تتبع بورت / توصيلة في الطبيعة .. للمعالجة', 9, '211يحتاج تتبع بورت / توصيلة في الطبيعة .. للمعالجة'),
(164, 'الإقليم الشرقي (اتصال)', 'حجب', 'اشارة افاق ضعيفة من المقسم', 10, '212اشارة افاق ضعيفة من المقسم'),
(165, 'الإقليم الشرقي (اتصال)', 'حجب', 'البيانات غير مبنية في النظام', 10, '213البيانات غير مبنية في النظام'),
(166, 'الإقليم الشرقي (اتصال)', 'حجب', 'الخدمة مركبة لدى العميل (إستكمال الأمر)', 10, '214الخدمة مركبة لدى العميل (إستكمال الأمر)'),
(167, 'الإقليم الشرقي (اتصال)', 'حجب', 'العلبة مكسورة', 10, '215العلبة مكسورة'),
(168, 'الإقليم الشرقي (اتصال)', 'حجب', 'العميل غير موجود و لا يجيب', 10, '216العميل غير موجود و لا يجيب'),
(169, 'الإقليم الشرقي (اتصال)', 'حجب', 'العميل لا يوجد لديه أصل الهوية (الأثبات)', 10, '217العميل لا يوجد لديه أصل الهوية (الأثبات)'),
(170, 'الإقليم الشرقي (اتصال)', 'حجب', 'العميل متوفى', 10, '218العميل متوفى'),
(171, 'الإقليم الشرقي (اتصال)', 'حجب', 'العميل مسافر', 10, '219العميل مسافر'),
(172, 'الإقليم الشرقي (اتصال)', 'حجب', 'العميل يطلب التأجيل اكثر من 30 يوم', 10, '220العميل يطلب التأجيل اكثر من 30 يوم'),
(173, 'الإقليم الشرقي (اتصال)', 'حجب', 'الموقع تجاري (منشآت كبيرة)/ شريحة قطاع أعمال', 10, '221الموقع تجاري (منشآت كبيرة)/ شريحة قطاع أعمال'),
(174, 'الإقليم الشرقي (اتصال)', 'حجب', 'الموقع غير مخدوم بشبكة الـFTTH', 10, '222الموقع غير مخدوم بشبكة الـFTTH'),
(175, 'الإقليم الشرقي (اتصال)', 'حجب', 'الموقع غير مخدوم بعلبة DP/TB', 10, '223الموقع غير مخدوم بعلبة DP/TB'),
(176, 'الإقليم الشرقي (اتصال)', 'حجب', 'الموقع مخدوم بالشبكة الأرضية', 10, '224الموقع مخدوم بالشبكة الأرضية'),
(177, 'الإقليم الشرقي (اتصال)', 'حجب', 'الموقع يحتاج تركيب سلك خدمة BSW', 10, '225الموقع يحتاج تركيب سلك خدمة BSW'),
(178, 'الإقليم الشرقي (اتصال)', 'حجب', 'أمر مكرر (لم يطلبه العميل)', 10, '226أمر مكرر (لم يطلبه العميل)'),
(179, 'الإقليم الشرقي (اتصال)', 'حجب', 'إيقاف بطلب منافذ البيع', 10, '227إيقاف بطلب منافذ البيع'),
(180, 'الإقليم الشرقي (اتصال)', 'حجب', 'تراجع ( دون تحديد سبب او لعدم الحاجة )', 10, '228تراجع ( دون تحديد سبب او لعدم الحاجة )'),
(181, 'الإقليم الشرقي (اتصال)', 'حجب', 'تفعيل شعيره - بورت إضافي', 10, '229تفعيل شعيره - بورت إضافي'),
(182, 'الإقليم الشرقي (اتصال)', 'حجب', 'رقم الاتصال خاطئ (المخاطب لايعرف العميل)', 10, '230رقم الاتصال خاطئ (المخاطب لايعرف العميل)'),
(183, 'الإقليم الشرقي (اتصال)', 'حجب', 'لا يرغب xx لم يطلب الخدمة xx', 10, '231لا يرغب xx لم يطلب الخدمة xx'),
(184, 'الإقليم الشرقي (اتصال)', 'حجب', 'لا يرغب العميل لانتقاله لموقع اخر', 10, '232لا يرغب العميل لانتقاله لموقع اخر'),
(185, 'الإقليم الشرقي (اتصال)', 'حجب', 'لا يرغب العميل للتأخير في التركيب', 10, '233لا يرغب العميل للتأخير في التركيب'),
(186, 'الإقليم الشرقي (اتصال)', 'حجب', 'لا يرغب العميل لخطأ في انشاء الامر (طلب خدمة أخرى)', 10, '234لا يرغب العميل لخطأ في انشاء الامر (طلب خدمة أخرى)'),
(187, 'الإقليم الشرقي (اتصال)', 'حجب', 'لا يرغب العميل لديه خدمة بالموقع', 10, '235لا يرغب العميل لديه خدمة بالموقع'),
(188, 'الإقليم الشرقي (اتصال)', 'حجب', 'لا يرغب العميل لرغبته برقم مميز', 10, '236لا يرغب العميل لرغبته برقم مميز'),
(189, 'الإقليم الشرقي (اتصال)', 'حجب', 'لا يرغب العميل لرغبته في تركيبها على رقم اخر', 10, '237لا يرغب العميل لرغبته في تركيبها على رقم اخر'),
(190, 'الإقليم الشرقي (اتصال)', 'حجب', 'لا يرغب العميل بسبب سعر تكلفة الخدمة/جهاز', 10, '238لا يرغب العميل بسبب سعر تكلفة الخدمة/جهاز'),
(191, 'الإقليم الشرقي (اتصال)', 'حجب', 'لا يرغب العميل لسوء جودة الخدمة', 10, '239لا يرغب العميل لسوء جودة الخدمة'),
(192, 'الإقليم الشرقي (اتصال)', 'حجب', 'لا يرغب العميل لسوء معاملة الفني', 10, '240لا يرغب العميل لسوء معاملة الفني'),
(193, 'الإقليم الشرقي (اتصال)', 'حجب', 'لا يرغب العميل لعدم رغبته (مالك العقار) ت.خ FTTH', 10, '241لا يرغب العميل لعدم رغبته (مالك العقار) ت.خ FTTH'),
(194, 'الإقليم الشرقي (اتصال)', 'حجب', 'تم تسويق  خدمة FTTD والعميل لا يرغب', 10, '242تم تسويق  خدمة FTTD والعميل لا يرغب'),
(195, 'الإقليم الشرقي (اتصال)', 'حجب', 'تم تسويق  خدمة FTTD ولم تتحقق الشروط', 10, '243تم تسويق  خدمة FTTD ولم تتحقق الشروط'),
(196, 'الإقليم الشرقي (اتصال)', 'حجب', 'لا يرغب العميل لعدم رغبته بتغيير المودم', 10, '244لا يرغب العميل لعدم رغبته بتغيير المودم'),
(197, 'الإقليم الشرقي (اتصال)', 'حجب', 'لا يرغب العميل لمعلومة خاطئة عن المحتوى والسعر', 10, '245لا يرغب العميل لمعلومة خاطئة عن المحتوى والسعر'),
(198, 'الإقليم الشرقي (اتصال)', 'حجب', 'لا يوجد هواتف اتصال', 10, '246لا يوجد هواتف اتصال'),
(199, 'الإقليم الشرقي (اتصال)', 'حجب', 'هاتف العميل مفصول عن الخدمة (عليه فاتورة)', 10, '247هاتف العميل مفصول عن الخدمة (عليه فاتورة)'),
(200, 'الإقليم الشرقي (اتصال)', 'حجب', 'يحتاج تحديث الشبكة الداخلية/الخارجية', 10, '248يحتاج تحديث الشبكة الداخلية/الخارجية'),
(201, 'الإقليم الشرقي (اتصال)', 'حجب', 'يحتاج تصحيح أسم العميل', 10, '249يحتاج تصحيح أسم العميل'),
(202, 'الإقليم الشرقي (اتصال)', 'حجب', 'لا يرغب العميل لعدم رغبته بالتسليك الخارجي COPPER', 10, '250لا يرغب العميل لعدم رغبته بالتسليك الخارجي COPPER'),
(203, 'الإقليم الشرقي (اتصال)', 'حجب', 'الموقع غير مخدوم 4G&3G', 10, '251الموقع غير مخدوم 4G&3G'),
(204, 'الإقليم الشرقي (اتصال)', 'حجب', 'لا يرغب العميل لديه الخدمة البديلة', 10, '252لا يرغب العميل لديه الخدمة البديلة'),
(205, 'الإقليم الشرقي (اتصال)', 'حجب', 'يحتاج تصحيح أمر الخدمة', 10, '253يحتاج تصحيح أمر الخدمة'),
(206, 'الإقليم الشرقي (اتصال)', 'حجب', 'الموقع مخدوم بكيبل نحاسي غير مؤهل IPTV انفجن', 10, '254الموقع مخدوم بكيبل نحاسي غير مؤهل IPTV انفجن'),
(207, 'الإقليم الشرقي (اتصال)', 'متابعة_اتصال_مكرر_متعثر_معالجة', 'العميل لا يرد', 11, '255العميل لا يرد'),
(208, 'الإقليم الشرقي (اتصال)', 'متابعة_اتصال_مكرر_متعثر_معالجة', 'العميل لايرغب تغيير موعد التركيب (متابعة المشرف)', 11, '256العميل لايرغب تغيير موعد التركيب (متابعة المشرف)'),
(209, 'الإقليم الشرقي (اتصال)', 'متابعة_اتصال_مكرر_متعثر_معالجة', 'العميل يرغب بالتواصل في وقت آخر', 11, '257العميل يرغب بالتواصل في وقت آخر'),
(210, 'الإقليم الشرقي (اتصال)', 'متابعة_اتصال_مكرر_متعثر_معالجة', 'العميل يرفض المكالمة (يغلق الخط)', 11, '258العميل يرفض المكالمة (يغلق الخط)'),
(211, 'الإقليم الشرقي (اتصال)', 'متابعة_اتصال_مكرر_متعثر_معالجة', 'المخاطب (قريب - صديق - موظف) سيتحقق من العميل', 11, '259المخاطب (قريب - صديق - موظف) سيتحقق من العميل'),
(212, 'الإقليم الشرقي (اتصال)', 'متابعة_اتصال_مكرر_متعثر_معالجة', 'المخاطب لا يعرف العميل - تواصل على الثابت', 11, '260المخاطب لا يعرف العميل - تواصل على الثابت'),
(213, 'الإقليم الشرقي (اتصال)', 'متابعة_اتصال_مكرر_متعثر_معالجة', 'انقطعت المكالمة من قبل العميل أثناء المحادثة', 11, '261انقطعت المكالمة من قبل العميل أثناء المحادثة'),
(214, 'الإقليم الشرقي (اتصال)', 'متابعة_اتصال_مكرر_متعثر_معالجة', 'انقطعت المكالمة من قبل النظام أثناء المحادثة', 11, '262انقطعت المكالمة من قبل النظام أثناء المحادثة'),
(215, 'الإقليم الشرقي (اتصال)', 'متابعة_اتصال_مكرر_متعثر_معالجة', 'جوال العميل رسالة تعثر مرور المكالمة', 11, '263جوال العميل رسالة تعثر مرور المكالمة'),
(216, 'الإقليم الشرقي (اتصال)', 'متابعة_اتصال_مكرر_متعثر_معالجة', 'جوال العميل مشغول باستمرار', 11, '264جوال العميل مشغول باستمرار'),
(217, 'الإقليم الشرقي (اتصال)', 'متابعة_اتصال_مكرر_متعثر_معالجة', 'جوال العميل مغلق', 11, '265جوال العميل مغلق'),
(218, 'الإقليم الشرقي (اتصال)', 'متابعة_اتصال_مكرر_متعثر_معالجة', 'جوال العميل مفصول', 11, '266جوال العميل مفصول'),
(219, 'الإقليم الشرقي (اتصال)', 'رصد_الترحيل_الخاطئ', 'خطأ ترحيل ( التزام بالموعد )', 12, '267خطأ ترحيل ( التزام بالموعد )'),
(220, 'الإقليم الشرقي (اتصال)', 'رصد_الترحيل_الخاطئ', 'خطأ ترحيل ( كود )', 12, '268خطأ ترحيل ( كود )'),
(221, 'الإقليم الشرقي (اتصال)', 'رصد_الترحيل_الخاطئ', 'خطأ ترحيل (افادة غير و اضحة)', 12, '269خطأ ترحيل (افادة غير و اضحة)'),
(222, 'الإقليم الشرقي (اتصال)', 'رصد_الترحيل_الخاطئ', 'خطأ ترحيل (يدوي)', 12, '270خطأ ترحيل (يدوي)'),
(223, 'الإقليم الشرقي (اتصال)', 'رصد_الترحيل_الخاطئ', 'لا يوجد مذكرة فني', 12, '271لا يوجد مذكرة فني'),
(224, 'الإقليم الشرقي (اتصال)', 'رصد_الترحيل_الخاطئ', 'مخلوف شركة', 12, '272مخلوف شركة'),
(225, 'الإقليم الشرقي (اتصال)', 'رصد_الترحيل_الخاطئ', 'مخلوف عميـل', 12, '273مخلوف عميـل'),
(226, 'الإقليم الشرقي (اتصال)', 'رصد_الترحيل_الخاطئ', 'العميل يرغب التأجيل خلال 24س بناءً على إفادة الفني', 12, '274العميل يرغب التأجيل خلال 24س بناءً على إفادة الفني'),
(227, 'الإقليم الشرقي (اتصال)', 'رصد_الترحيل_الخاطئ', 'ترحيل خاطئ من داخل الشعبة', 12, '275ترحيل خاطئ من داخل الشعبة'),
(228, 'الإقليم الشرقي (اتصال)', 'رصد_الترحيل_الخاطئ', 'غير مكتمل فلترة', 12, '276غير مكتمل فلترة'),
(229, 'الإقليم الأوسط (اتصال)', 'إسناد ( اقسام الاتصال )', 'تم الإسناد بطلب او تنسيق مع المنطقة', 13, '201تم الإسناد بطلب او تنسيق مع المنطقة'),
(230, 'الإقليم الأوسط (اتصال)', 'إسناد ( اقسام الاتصال )', 'تم الأسناد بعد رد العميل', 13, '202تم الأسناد بعد رد العميل'),
(231, 'الإقليم الأوسط (اتصال)', 'إسناد ( اقسام الاتصال )', 'تم الأسناد مع تحديث رقم التواصل', 13, '203تم الأسناد مع تحديث رقم التواصل'),
(232, 'الإقليم الأوسط (اتصال)', 'إسناد ( اقسام الاتصال )', 'تم تأكيد موعد العميل بعد الرد', 13, '204تم تأكيد موعد العميل بعد الرد'),
(233, 'الإقليم الأوسط (اتصال)', 'إسناد ( اقسام الاتصال )', 'مخلوف تم إعادة إسناده - تم تحديث رقم التواصل', 13, '205مخلوف تم إعادة إسناده - تم تحديث رقم التواصل'),
(234, 'الإقليم الأوسط (اتصال)', 'إسناد ( اقسام الاتصال )', 'مخلوف تم إعادة إسناده - إفادة الفني (صحيحة)', 13, '206مخلوف تم إعادة إسناده - إفادة الفني (صحيحة)'),
(235, 'الإقليم الأوسط (اتصال)', 'إسناد ( اقسام الاتصال )', 'مخلوف تم إعادة إسناده - إفادة الفني x غير صحيحة x', 13, '207مخلوف تم إعادة إسناده - إفادة الفني x غير صحيحة x'),
(236, 'الإقليم الأوسط (اتصال)', 'إسناد ( اقسام الاتصال )', 'مخلوف تم إعادة إسناده - يحتاج توضيح إفادة الفني', 13, '208مخلوف تم إعادة إسناده - يحتاج توضيح إفادة الفني'),
(237, 'الإقليم الأوسط (اتصال)', 'إسناد ( اقسام الاتصال )', 'تم تسويق  خدمة FTTD والعميل يرغب', 13, '209تم تسويق  خدمة FTTD والعميل يرغب'),
(238, 'الإقليم الأوسط (اتصال)', 'إسناد ( اقسام الاتصال )', 'تم الأسناد دون رد العميل بناء على الإجراء', 13, '210تم الأسناد دون رد العميل بناء على الإجراء'),
(239, 'الإقليم الأوسط (اتصال)', 'إسناد ( اقسام الاتصال )', 'يحتاج تتبع بورت / توصيلة في الطبيعة .. للمعالجة', 13, '211يحتاج تتبع بورت / توصيلة في الطبيعة .. للمعالجة'),
(240, 'الإقليم الأوسط (اتصال)', 'حجب', 'اشارة افاق ضعيفة من المقسم', 14, '212اشارة افاق ضعيفة من المقسم'),
(241, 'الإقليم الأوسط (اتصال)', 'حجب', 'البيانات غير مبنية في النظام', 14, '213البيانات غير مبنية في النظام'),
(242, 'الإقليم الأوسط (اتصال)', 'حجب', 'الخدمة مركبة لدى العميل (إستكمال الأمر)', 14, '214الخدمة مركبة لدى العميل (إستكمال الأمر)'),
(243, 'الإقليم الأوسط (اتصال)', 'حجب', 'العلبة مكسورة', 14, '215العلبة مكسورة'),
(244, 'الإقليم الأوسط (اتصال)', 'حجب', 'العميل غير موجود و لا يجيب', 14, '216العميل غير موجود و لا يجيب'),
(245, 'الإقليم الأوسط (اتصال)', 'حجب', 'العميل لا يوجد لديه أصل الهوية (الأثبات)', 14, '217العميل لا يوجد لديه أصل الهوية (الأثبات)'),
(246, 'الإقليم الأوسط (اتصال)', 'حجب', 'العميل متوفى', 14, '218العميل متوفى'),
(247, 'الإقليم الأوسط (اتصال)', 'حجب', 'العميل مسافر', 14, '219العميل مسافر'),
(248, 'الإقليم الأوسط (اتصال)', 'حجب', 'العميل يطلب التأجيل اكثر من 30 يوم', 14, '220العميل يطلب التأجيل اكثر من 30 يوم'),
(249, 'الإقليم الأوسط (اتصال)', 'حجب', 'الموقع تجاري (منشآت كبيرة)/ شريحة قطاع أعمال', 14, '221الموقع تجاري (منشآت كبيرة)/ شريحة قطاع أعمال'),
(250, 'الإقليم الأوسط (اتصال)', 'حجب', 'الموقع غير مخدوم بشبكة الـFTTH', 14, '222الموقع غير مخدوم بشبكة الـFTTH'),
(251, 'الإقليم الأوسط (اتصال)', 'حجب', 'الموقع غير مخدوم بعلبة DP/TB', 14, '223الموقع غير مخدوم بعلبة DP/TB'),
(252, 'الإقليم الأوسط (اتصال)', 'حجب', 'الموقع مخدوم بالشبكة الأرضية', 14, '224الموقع مخدوم بالشبكة الأرضية'),
(253, 'الإقليم الأوسط (اتصال)', 'حجب', 'الموقع يحتاج تركيب سلك خدمة BSW', 14, '225الموقع يحتاج تركيب سلك خدمة BSW'),
(254, 'الإقليم الأوسط (اتصال)', 'حجب', 'أمر مكرر (لم يطلبه العميل)', 14, '226أمر مكرر (لم يطلبه العميل)'),
(255, 'الإقليم الأوسط (اتصال)', 'حجب', 'إيقاف بطلب منافذ البيع', 14, '227إيقاف بطلب منافذ البيع'),
(256, 'الإقليم الأوسط (اتصال)', 'حجب', 'تراجع ( دون تحديد سبب او لعدم الحاجة )', 14, '228تراجع ( دون تحديد سبب او لعدم الحاجة )'),
(257, 'الإقليم الأوسط (اتصال)', 'حجب', 'تفعيل شعيره - بورت إضافي', 14, '229تفعيل شعيره - بورت إضافي'),
(258, 'الإقليم الأوسط (اتصال)', 'حجب', 'رقم الاتصال خاطئ (المخاطب لايعرف العميل)', 14, '230رقم الاتصال خاطئ (المخاطب لايعرف العميل)'),
(259, 'الإقليم الأوسط (اتصال)', 'حجب', 'لا يرغب xx لم يطلب الخدمة xx', 14, '231لا يرغب xx لم يطلب الخدمة xx'),
(260, 'الإقليم الأوسط (اتصال)', 'حجب', 'لا يرغب العميل لانتقاله لموقع اخر', 14, '232لا يرغب العميل لانتقاله لموقع اخر'),
(261, 'الإقليم الأوسط (اتصال)', 'حجب', 'لا يرغب العميل للتأخير في التركيب', 14, '233لا يرغب العميل للتأخير في التركيب'),
(262, 'الإقليم الأوسط (اتصال)', 'حجب', 'لا يرغب العميل لخطأ في انشاء الامر (طلب خدمة أخرى)', 14, '234لا يرغب العميل لخطأ في انشاء الامر (طلب خدمة أخرى)'),
(263, 'الإقليم الأوسط (اتصال)', 'حجب', 'لا يرغب العميل لديه خدمة بالموقع', 14, '235لا يرغب العميل لديه خدمة بالموقع'),
(264, 'الإقليم الأوسط (اتصال)', 'حجب', 'لا يرغب العميل لرغبته برقم مميز', 14, '236لا يرغب العميل لرغبته برقم مميز'),
(265, 'الإقليم الأوسط (اتصال)', 'حجب', 'لا يرغب العميل لرغبته في تركيبها على رقم اخر', 14, '237لا يرغب العميل لرغبته في تركيبها على رقم اخر'),
(266, 'الإقليم الأوسط (اتصال)', 'حجب', 'لا يرغب العميل بسبب سعر تكلفة الخدمة/جهاز', 14, '238لا يرغب العميل بسبب سعر تكلفة الخدمة/جهاز'),
(267, 'الإقليم الأوسط (اتصال)', 'حجب', 'لا يرغب العميل لسوء جودة الخدمة', 14, '239لا يرغب العميل لسوء جودة الخدمة'),
(268, 'الإقليم الأوسط (اتصال)', 'حجب', 'لا يرغب العميل لسوء معاملة الفني', 14, '240لا يرغب العميل لسوء معاملة الفني'),
(269, 'الإقليم الأوسط (اتصال)', 'حجب', 'لا يرغب العميل لعدم رغبته (مالك العقار) ت.خ FTTH', 14, '241لا يرغب العميل لعدم رغبته (مالك العقار) ت.خ FTTH'),
(270, 'الإقليم الأوسط (اتصال)', 'حجب', 'تم تسويق  خدمة FTTD والعميل لا يرغب', 14, '242تم تسويق  خدمة FTTD والعميل لا يرغب'),
(271, 'الإقليم الأوسط (اتصال)', 'حجب', 'تم تسويق  خدمة FTTD ولم تتحقق الشروط', 14, '243تم تسويق  خدمة FTTD ولم تتحقق الشروط'),
(272, 'الإقليم الأوسط (اتصال)', 'حجب', 'لا يرغب العميل لعدم رغبته بتغيير المودم', 14, '244لا يرغب العميل لعدم رغبته بتغيير المودم'),
(273, 'الإقليم الأوسط (اتصال)', 'حجب', 'لا يرغب العميل لمعلومة خاطئة عن المحتوى والسعر', 14, '245لا يرغب العميل لمعلومة خاطئة عن المحتوى والسعر'),
(274, 'الإقليم الأوسط (اتصال)', 'حجب', 'لا يوجد هواتف اتصال', 14, '246لا يوجد هواتف اتصال'),
(275, 'الإقليم الأوسط (اتصال)', 'حجب', 'هاتف العميل مفصول عن الخدمة (عليه فاتورة)', 14, '247هاتف العميل مفصول عن الخدمة (عليه فاتورة)'),
(276, 'الإقليم الأوسط (اتصال)', 'حجب', 'يحتاج تحديث الشبكة الداخلية/الخارجية', 14, '248يحتاج تحديث الشبكة الداخلية/الخارجية'),
(277, 'الإقليم الأوسط (اتصال)', 'حجب', 'يحتاج تصحيح أسم العميل', 14, '249يحتاج تصحيح أسم العميل'),
(278, 'الإقليم الأوسط (اتصال)', 'حجب', 'لا يرغب العميل لعدم رغبته بالتسليك الخارجي COPPER', 14, '250لا يرغب العميل لعدم رغبته بالتسليك الخارجي COPPER'),
(279, 'الإقليم الأوسط (اتصال)', 'حجب', 'الموقع غير مخدوم 4G&3G', 14, '251الموقع غير مخدوم 4G&3G'),
(280, 'الإقليم الأوسط (اتصال)', 'حجب', 'لا يرغب العميل لديه الخدمة البديلة', 14, '252لا يرغب العميل لديه الخدمة البديلة'),
(281, 'الإقليم الأوسط (اتصال)', 'حجب', 'يحتاج تصحيح أمر الخدمة', 14, '253يحتاج تصحيح أمر الخدمة'),
(282, 'الإقليم الأوسط (اتصال)', 'حجب', 'الموقع مخدوم بكيبل نحاسي غير مؤهل IPTV انفجن', 14, '254الموقع مخدوم بكيبل نحاسي غير مؤهل IPTV انفجن'),
(283, 'الإقليم الأوسط (اتصال)', 'متابعة_اتصال_مكرر_متعثر_معالجة', 'العميل لا يرد', 15, '255العميل لا يرد'),
(284, 'الإقليم الأوسط (اتصال)', 'متابعة_اتصال_مكرر_متعثر_معالجة', 'العميل لايرغب تغيير موعد التركيب (متابعة المشرف)', 15, '256العميل لايرغب تغيير موعد التركيب (متابعة المشرف)'),
(285, 'الإقليم الأوسط (اتصال)', 'متابعة_اتصال_مكرر_متعثر_معالجة', 'العميل يرغب بالتواصل في وقت آخر', 15, '257العميل يرغب بالتواصل في وقت آخر'),
(286, 'الإقليم الأوسط (اتصال)', 'متابعة_اتصال_مكرر_متعثر_معالجة', 'العميل يرفض المكالمة (يغلق الخط)', 15, '258العميل يرفض المكالمة (يغلق الخط)'),
(287, 'الإقليم الأوسط (اتصال)', 'متابعة_اتصال_مكرر_متعثر_معالجة', 'المخاطب (قريب - صديق - موظف) سيتحقق من العميل', 15, '259المخاطب (قريب - صديق - موظف) سيتحقق من العميل'),
(288, 'الإقليم الأوسط (اتصال)', 'متابعة_اتصال_مكرر_متعثر_معالجة', 'المخاطب لا يعرف العميل - تواصل على الثابت', 15, '260المخاطب لا يعرف العميل - تواصل على الثابت'),
(289, 'الإقليم الأوسط (اتصال)', 'متابعة_اتصال_مكرر_متعثر_معالجة', 'انقطعت المكالمة من قبل العميل أثناء المحادثة', 15, '261انقطعت المكالمة من قبل العميل أثناء المحادثة'),
(290, 'الإقليم الأوسط (اتصال)', 'متابعة_اتصال_مكرر_متعثر_معالجة', 'انقطعت المكالمة من قبل النظام أثناء المحادثة', 15, '262انقطعت المكالمة من قبل النظام أثناء المحادثة'),
(291, 'الإقليم الأوسط (اتصال)', 'متابعة_اتصال_مكرر_متعثر_معالجة', 'جوال العميل رسالة تعثر مرور المكالمة', 15, '263جوال العميل رسالة تعثر مرور المكالمة'),
(292, 'الإقليم الأوسط (اتصال)', 'متابعة_اتصال_مكرر_متعثر_معالجة', 'جوال العميل مشغول باستمرار', 15, '264جوال العميل مشغول باستمرار'),
(293, 'الإقليم الأوسط (اتصال)', 'متابعة_اتصال_مكرر_متعثر_معالجة', 'جوال العميل مغلق', 15, '265جوال العميل مغلق'),
(294, 'الإقليم الأوسط (اتصال)', 'متابعة_اتصال_مكرر_متعثر_معالجة', 'جوال العميل مفصول', 15, '266جوال العميل مفصول'),
(295, 'الإقليم الأوسط (اتصال)', 'رصد_الترحيل_الخاطئ', 'خطأ ترحيل ( التزام بالموعد )', 16, '267خطأ ترحيل ( التزام بالموعد )'),
(296, 'الإقليم الأوسط (اتصال)', 'رصد_الترحيل_الخاطئ', 'خطأ ترحيل ( كود )', 16, '268خطأ ترحيل ( كود )'),
(297, 'الإقليم الأوسط (اتصال)', 'رصد_الترحيل_الخاطئ', 'خطأ ترحيل (افادة غير و اضحة)', 16, '269خطأ ترحيل (افادة غير و اضحة)'),
(298, 'الإقليم الأوسط (اتصال)', 'رصد_الترحيل_الخاطئ', 'خطأ ترحيل (يدوي)', 16, '270خطأ ترحيل (يدوي)'),
(299, 'الإقليم الأوسط (اتصال)', 'رصد_الترحيل_الخاطئ', 'لا يوجد مذكرة فني', 16, '271لا يوجد مذكرة فني'),
(300, 'الإقليم الأوسط (اتصال)', 'رصد_الترحيل_الخاطئ', 'مخلوف شركة', 16, '272مخلوف شركة'),
(301, 'الإقليم الأوسط (اتصال)', 'رصد_الترحيل_الخاطئ', 'مخلوف عميـل', 16, '273مخلوف عميـل'),
(302, 'الإقليم الأوسط (اتصال)', 'رصد_الترحيل_الخاطئ', 'العميل يرغب التأجيل خلال 24س بناءً على إفادة الفني', 16, '274العميل يرغب التأجيل خلال 24س بناءً على إفادة الفني'),
(303, 'الإقليم الأوسط (اتصال)', 'رصد_الترحيل_الخاطئ', 'ترحيل خاطئ من داخل الشعبة', 16, '275ترحيل خاطئ من داخل الشعبة'),
(304, 'الإقليم الأوسط (اتصال)', 'رصد_الترحيل_الخاطئ', 'غير مكتمل فلترة', 16, '276غير مكتمل فلترة'),
(305, 'الإقليم الغربي (فلترة & تحليل)', 'إسناد', 'تم الإسناد بطلب او تنسيق مع المنطقة', 17, '277تم الإسناد بطلب او تنسيق مع المنطقة'),
(306, 'الإقليم الغربي (فلترة & تحليل)', 'إسناد', 'تمت الفلترة وتم الإسناد في الـWFM حسب أقرب موعد', 17, '278تمت الفلترة وتم الإسناد في الـWFM حسب أقرب موعد'),
(307, 'الإقليم الغربي (فلترة & تحليل)', 'إسناد', 'يحتاج تتبع بورت / توصيلة في الطبيعة .. للمعالجة', 17, '279يحتاج تتبع بورت / توصيلة في الطبيعة .. للمعالجة'),
(308, 'الإقليم الغربي (فلترة & تحليل)', 'حجب', 'اشارة افاق ضعيفة من المقسم', 18, '280اشارة افاق ضعيفة من المقسم'),
(309, 'الإقليم الغربي (فلترة & تحليل)', 'حجب', 'الأمر الأساسي ملغي', 18, '281الأمر الأساسي ملغي'),
(310, 'الإقليم الغربي (فلترة & تحليل)', 'حجب', 'الأمرغير مستخدم يحتاج إعادة تأسيس', 18, '282الأمرغير مستخدم يحتاج إعادة تأسيس'),
(311, 'الإقليم الغربي (فلترة & تحليل)', 'حجب', 'البيانات غير مبنية في النظام', 18, '283البيانات غير مبنية في النظام'),
(312, 'الإقليم الغربي (فلترة & تحليل)', 'حجب', 'الخدمة مركبة لدى العميل (إستكمال الأمر)', 18, '284الخدمة مركبة لدى العميل (إستكمال الأمر)'),
(313, 'الإقليم الغربي (فلترة & تحليل)', 'حجب', 'العلبة مكسورة', 18, '285العلبة مكسورة'),
(314, 'الإقليم الغربي (فلترة & تحليل)', 'حجب', 'العميل يطلب التأجيل اكثر من 30 يوم', 18, '286العميل يطلب التأجيل اكثر من 30 يوم'),
(315, 'الإقليم الغربي (فلترة & تحليل)', 'حجب', 'الفلترة MED ليست ضمن مسار الأمر', 18, '287الفلترة MED ليست ضمن مسار الأمر'),
(316, 'الإقليم الغربي (فلترة & تحليل)', 'حجب', 'المسار الافتراضي خاطئ', 18, '288المسار الافتراضي خاطئ'),
(317, 'الإقليم الغربي (فلترة & تحليل)', 'حجب', 'الموقع تجاري (منشآت كبيرة)/ شريحة قطاع أعمال', 18, '289الموقع تجاري (منشآت كبيرة)/ شريحة قطاع أعمال'),
(318, 'الإقليم الغربي (فلترة & تحليل)', 'حجب', 'الموقع غير مخدوم 4G&3G', 18, '290الموقع غير مخدوم 4G&3G'),
(319, 'الإقليم الغربي (فلترة & تحليل)', 'حجب', 'الموقع غير مخدوم بشبكة الـFTTH', 18, '291الموقع غير مخدوم بشبكة الـFTTH'),
(320, 'الإقليم الغربي (فلترة & تحليل)', 'حجب', 'الموقع غير مخدوم بعلبة DP/TB', 18, '292الموقع غير مخدوم بعلبة DP/TB'),
(321, 'الإقليم الغربي (فلترة & تحليل)', 'حجب', 'الموقع مخدوم بالشبكة الأرضية', 18, '293الموقع مخدوم بالشبكة الأرضية'),
(322, 'الإقليم الغربي (فلترة & تحليل)', 'حجب', 'الموقع مخدوم بكيبل نحاسي غير مؤهل IPTV انفجن', 18, '294الموقع مخدوم بكيبل نحاسي غير مؤهل IPTV انفجن'),
(323, 'الإقليم الغربي (فلترة & تحليل)', 'حجب', 'الموقع يحتاج تركيب سلك خدمة BSW', 18, '295الموقع يحتاج تركيب سلك خدمة BSW'),
(324, 'الإقليم الغربي (فلترة & تحليل)', 'حجب', 'أمر مكرر (لم يطلبه العميل)', 18, '296أمر مكرر (لم يطلبه العميل)'),
(325, 'الإقليم الغربي (فلترة & تحليل)', 'حجب', 'إيقاف بطلب منافذ البيع', 18, '297إيقاف بطلب منافذ البيع'),
(326, 'الإقليم الغربي (فلترة & تحليل)', 'حجب', 'تفعيل شعيره - بورت إضافي', 18, '298تفعيل شعيره - بورت إضافي'),
(327, 'الإقليم الغربي (فلترة & تحليل)', 'حجب', 'عدم توفر برايمري', 18, '299عدم توفر برايمري'),
(328, 'الإقليم الغربي (فلترة & تحليل)', 'حجب', 'عدم توفر بورت', 18, '300عدم توفر بورت'),
(329, 'الإقليم الغربي (فلترة & تحليل)', 'حجب', 'عدم توفر توصيلة', 18, '301عدم توفر توصيلة'),
(330, 'الإقليم الغربي (فلترة & تحليل)', 'حجب', 'عدم توفر رقم خدمة', 18, '302عدم توفر رقم خدمة'),
(331, 'الإقليم الغربي (فلترة & تحليل)', 'حجب', 'لا يقبل إضافة البنود', 18, '303لا يقبل إضافة البنود'),
(332, 'الإقليم الغربي (فلترة & تحليل)', 'حجب', 'لا يقبل صرف رقم خدمة', 18, '304لا يقبل صرف رقم خدمة'),
(333, 'الإقليم الغربي (فلترة & تحليل)', 'حجب', 'لا يوجد مسار افتراضي', 18, '305لا يوجد مسار افتراضي'),
(334, 'الإقليم الغربي (فلترة & تحليل)', 'حجب', 'لا يوجد هواتف اتصال', 18, '306لا يوجد هواتف اتصال'),
(335, 'الإقليم الغربي (فلترة & تحليل)', 'حجب', 'لم يتم توثيق بيع الخدمة SMS', 18, '307لم يتم توثيق بيع الخدمة SMS'),
(336, 'الإقليم الغربي (فلترة & تحليل)', 'حجب', 'لمعالجة الامر', 18, '308إخلاف أمر بواسطة إبداع'),
(337, 'الإقليم الغربي (فلترة & تحليل)', 'حجب', 'محرر من الأنتظار OH دون إفادة أو تنسيق', 18, '309محرر من الأنتظار OH دون إفادة أو تنسيق'),
(338, 'الإقليم الغربي (فلترة & تحليل)', 'حجب', 'يحتاج تحديث الشبكة الداخلية/الخارجية', 18, '310يحتاج تحديث الشبكة الداخلية/الخارجية'),
(339, 'الإقليم الغربي (فلترة & تحليل)', 'حجب', 'يحتاج تصحيح أمر الخدمة', 18, '311يحتاج تصحيح أمر الخدمة'),
(340, 'الإقليم الغربي (فلترة & تحليل)', 'متابعة_اتصال_مكرر_متعثر_معالجة', 'متعثر المعالجة بسبب النظام (أخرى)', 19, '312متعثر المعالجة بسبب النظام (أخرى)'),
(341, 'الإقليم الغربي (فلترة & تحليل)', 'متابعة_اتصال_مكرر_متعثر_معالجة', 'متعثر المعالجة بسبب النظام (بطاقة معلقة)', 19, '313متعثر المعالجة بسبب النظام (بطاقة معلقة)'),
(342, 'الإقليم الغربي (فلترة & تحليل)', 'متابعة_اتصال_مكرر_متعثر_معالجة', 'متعثر المعالجة بسبب النظام (لايقبل الجدولة)', 19, '314متعثر المعالجة بسبب النظام (لايقبل الجدولة)'),
(343, 'الإقليم الغربي (فلترة & تحليل)', 'متابعة_اتصال_مكرر_متعثر_معالجة', 'متعثر المعالجة بسبب النظام (لايقبل معالجة المسار)', 19, '315متعثر المعالجة بسبب النظام (لايقبل معالجة المسار)'),
(344, 'الإقليم الغربي (فلترة & تحليل)', 'متابعة_اتصال_مكرر_متعثر_معالجة', 'متعثر المعالجة بسبب النظام (لايقبل إضافة بند)', 19, '316متعثر المعالجة بسبب النظام (لايقبل إضافة بند)'),
(345, 'الإقليم الغربي (فلترة & تحليل)', 'متابعة_اتصال_مكرر_متعثر_معالجة', 'متعثر إسناد بسبب المنطقة (متاح بعد 5أيام - أخرى)', 19, '317متعثر إسناد بسبب المنطقة (متاح بعد 5أيام - أخرى)'),
(346, 'الإقليم الغربي (فلترة & تحليل)', 'متابعة_اتصال_مكرر_متعثر_معالجة', 'مكرر لنفس حساب العميل', 19, '317مكرر لنفس حساب العميل'),
(347, 'الإقليم الغربي (فلترة & تحليل)', 'متابعة_اتصال_مكرر_متعثر_معالجة', 'يحتاج معالجة (نوع/بنود/مدة العقد) الخدمة', 19, '318يحتاج معالجة (نوع/بنود/مدة العقد) الخدمة'),
(348, 'الإقليم الغربي (فلترة & تحليل)', 'متابعة_اتصال_مكرر_متعثر_معالجة', 'يحتاج معالجة بيانات اللوحة المعدنية', 19, '319يحتاج معالجة بيانات اللوحة المعدنية'),
(349, 'الإقليم الغربي (فلترة & تحليل)', 'رصد_الترحيل_الخاطئ', 'العميل يرغب التأجيل خلال 24س بناءً على إفادة الفني', 20, '320العميل يرغب التأجيل خلال 24س بناءً على إفادة الفني'),
(350, 'الإقليم الغربي (فلترة & تحليل)', 'رصد_الترحيل_الخاطئ', 'أوامر منزوعة الجمبرة', 20, '321أوامر منزوعة الجمبرة'),
(351, 'الإقليم الغربي (فلترة & تحليل)', 'رصد_الترحيل_الخاطئ', 'ترحيل الى MD2 لتعديل الدراسة', 20, '321ترحيل الى MD2 لتعديل الدراسة'),
(352, 'الإقليم الغربي (فلترة & تحليل)', 'رصد_الترحيل_الخاطئ', 'ترحيل الى MD2 للمعالجة (بنود , رقم خدمة , ..)', 20, '322ترحيل الى MD2 للمعالجة (بنود , رقم خدمة , ..)'),
(353, 'الإقليم الغربي (فلترة & تحليل)', 'رصد_الترحيل_الخاطئ', 'ترحيل آلي LOOPxxxx خاطئ بسبب النظام', 20, '323ترحيل آلي LOOPxxxx خاطئ بسبب النظام'),
(354, 'الإقليم الغربي (فلترة & تحليل)', 'رصد_الترحيل_الخاطئ', 'ترحيل خاطئ من داخل الشعبة', 20, '324ترحيل خاطئ من داخل الشعبة'),
(355, 'الإقليم الغربي (فلترة & تحليل)', 'رصد_الترحيل_الخاطئ', 'خطأ ترحيل ( التزام بالموعد )', 20, '325خطأ ترحيل ( التزام بالموعد )'),
(356, 'الإقليم الغربي (فلترة & تحليل)', 'رصد_الترحيل_الخاطئ', 'خطأ ترحيل (افادة غير و اضحة)', 20, '326خطأ ترحيل (افادة غير و اضحة)'),
(357, 'الإقليم الغربي (فلترة & تحليل)', 'رصد_الترحيل_الخاطئ', 'لا يوجد مذكرة فني', 20, '327لا يوجد مذكرة فني'),
(358, 'الإقليم الغربي (فلترة & تحليل)', 'رصد_الترحيل_الخاطئ', 'مخلوف شركة', 20, '328مخلوف شركة'),
(359, 'الإقليم الغربي (فلترة & تحليل)', 'رصد_الترحيل_الخاطئ', 'مخلوف عميـل', 20, '329مخلوف عميـل'),
(360, 'الإقليم الغربي (فلترة & تحليل)', 'إسناد_بعد_الفلترة_موثق', 'الامر غير مجدول', 21, '330الامر غير مجدول'),
(361, 'الإقليم الغربي (فلترة & تحليل)', 'إسناد_بعد_الفلترة_موثق', 'الامر مجدول وغير مسند', 21, '331الامر مجدول وغير مسند'),
(362, 'الإقليم الغربي (فلترة & تحليل)', 'إسناد_بعد_الفلترة_موثق', 'تم معالجة البنود', 21, '332تم معالجة البنود'),
(363, 'الإقليم الغربي (فلترة & تحليل)', 'إسناد_بعد_الفلترة_موثق', 'تم معالجة المسار الافتراضي', 21, '333تم معالجة المسار الافتراضي'),
(364, 'الإقليم الغربي (فلترة & تحليل)', 'إسناد_بعد_الفلترة_موثق', 'تم معالجة بطاقة الخط', 21, '334تم معالجة بطاقة الخط'),
(365, 'الإقليم الغربي (فلترة & تحليل)', 'إسناد_بعد_الفلترة_موثق', 'تم معالجة تحديث هواتف الاتصال', 21, '335تم معالجة تحديث هواتف الاتصال'),
(366, 'الإقليم الغربي (فلترة & تحليل)', 'إسناد_بعد_الفلترة_موثق', 'تم معالجة رقم الخدمة', 21, '336تم معالجة رقم الخدمة'),
(367, 'الإقليم الغربي (فلترة & تحليل)', 'إسناد_بعد_الفلترة_موثق', 'تم معالجة مدة العقد', 21, '337تم معالجة مدة العقد'),
(368, 'الإقليم الغربي (فلترة & تحليل)', 'إسناد_بعد_الفلترة_موثق', 'وجد مطابق', 21, '338وجد مطابق'),
(369, 'الإقليم الغربي (فلترة & تحليل)', 'إسناد_بعد_الفلترة_موثق', 'الامر سليم ولم يرحل  اليا من MED Automatin', 21, '339الامر سليم ولم يرحل  اليا من MED Automatin'),
(370, 'الإقليم الغربي (فلترة & تحليل)', 'إسناد_بعد_الفلترة_موثق', 'عدم اكتمال بنود الخدمة MED Automation', 21, '340عدم اكتمال بنود الخدمة MED Automation'),
(371, 'الإقليم الغربي (فلترة & تحليل)', 'اسناد_FTC_MED_Auto', 'الامر سليم ( مرحل بشكل صحيح ل FTC )', 22, '341الامر سليم ( مرحل بشكل صحيح ل FTC )'),
(372, 'الإقليم الغربي (فلترة & تحليل)', 'اسناد_FTC_MED_Auto', 'الامر غير مجدول', 22, '342الامر غير مجدول'),
(373, 'الإقليم الغربي (فلترة & تحليل)', 'اسناد_FTC_MED_Auto', 'الامر مجدول وغير مسند', 22, '343الامر مجدول وغير مسند'),
(374, 'الإقليم الغربي (فلترة & تحليل)', 'اسناد_FTC_MED_Auto', 'تاريخ الإسناد FTC مطابق الـ WFM **', 22, '344تاريخ الإسناد FTC مطابق الـ WFM **'),
(375, 'الإقليم الغربي (فلترة & تحليل)', 'اسناد_FTC_MED_Auto', 'تاريخ الإسناد FTCغير مطابق الـWFM تم التصحيح**', 22, '345تاريخ الإسناد FTCغير مطابق الـWFM تم التصحيح**'),
(376, 'الإقليم الغربي (فلترة & تحليل)', 'اسناد_FTC_MED_Auto', 'تحديث موعد الاسناد الى تاريخ اقرب', 22, '346تحديث موعد الاسناد الى تاريخ اقرب'),
(377, 'الإقليم الغربي (فلترة & تحليل)', 'اسناد_FTC_MED_Auto', 'ترحيل المسند FTC حسب الموعد**', 22, '347ترحيل المسند FTC حسب الموعد**'),
(378, 'الإقليم الغربي (فلترة & تحليل)', 'اسناد_FTC_MED_Auto', 'تم معالجة البنود', 22, '348تم معالجة البنود'),
(379, 'الإقليم الغربي (فلترة & تحليل)', 'اسناد_FTC_MED_Auto', 'تم معالجة بطاقة الـخط', 22, '349تم معالجة بطاقة الـخط'),
(380, 'الإقليم الغربي (فلترة & تحليل)', 'اسناد_FTC_MED_Auto', 'تم معالجة تحديث هواتف الاتصال', 22, '350تم معالجة تحديث هواتف الاتصال'),
(381, 'الإقليم الغربي (فلترة & تحليل)', 'اسناد_FTC_MED_Auto', 'تم معالجة رقم الخدمة', 22, '351تم معالجة رقم الخدمة'),
(382, 'الإقليم الغربي (فلترة & تحليل)', 'حجب_FTC_MED_Auto', 'اشارة افاق ضعيفة من المقسم', 23, '352اشارة افاق ضعيفة من المقسم'),
(383, 'الإقليم الغربي (فلترة & تحليل)', 'حجب_FTC_MED_Auto', 'الأمرغير مستخدم يحتاج إعادة تأسيس', 23, '353الأمرغير مستخدم يحتاج إعادة تأسيس'),
(384, 'الإقليم الغربي (فلترة & تحليل)', 'حجب_FTC_MED_Auto', 'البيانات غير مبنية بالنظام', 23, '354البيانات غير مبنية بالنظام'),
(385, 'الإقليم الغربي (فلترة & تحليل)', 'حجب_FTC_MED_Auto', 'الخدمة مركبة لدى العميل (إستكمال الأمر)', 23, '355الخدمة مركبة لدى العميل (إستكمال الأمر)'),
(386, 'الإقليم الغربي (فلترة & تحليل)', 'حجب_FTC_MED_Auto', 'الكيبل مقطوع', 23, '356الكيبل مقطوع'),
(387, 'الإقليم الغربي (فلترة & تحليل)', 'حجب_FTC_MED_Auto', 'الموقع غير مخدوم بعلبة DP/TB', 23, '357الموقع غير مخدوم بعلبة DP/TB'),
(388, 'الإقليم الغربي (فلترة & تحليل)', 'حجب_FTC_MED_Auto', 'الموقع مخدوم بالشبكة الأرضية', 23, '358الموقع مخدوم بالشبكة الأرضية'),
(389, 'الإقليم الغربي (فلترة & تحليل)', 'حجب_FTC_MED_Auto', 'الموقع يحتاج تركيب سلك خدمة BSW', 23, '359الموقع يحتاج تركيب سلك خدمة BSW'),
(390, 'الإقليم الغربي (فلترة & تحليل)', 'حجب_FTC_MED_Auto', 'أمر مكرر (لم يطلبه العميل)', 23, '360أمر مكرر (لم يطلبه العميل)'),
(391, 'الإقليم الغربي (فلترة & تحليل)', 'حجب_FTC_MED_Auto', 'أوامر منزوعة الجمبرة', 23, '361أوامر منزوعة الجمبرة'),
(392, 'الإقليم الغربي (فلترة & تحليل)', 'حجب_FTC_MED_Auto', 'إيقاف بطلب منافذ البيع', 23, '362إيقاف بطلب منافذ البيع'),
(393, 'الإقليم الغربي (فلترة & تحليل)', 'حجب_FTC_MED_Auto', 'عدم توفر برايمري', 23, '363عدم توفر برايمري'),
(394, 'الإقليم الغربي (فلترة & تحليل)', 'حجب_FTC_MED_Auto', 'عدم توفر بورت', 23, '364عدم توفر بورت'),
(395, 'الإقليم الغربي (فلترة & تحليل)', 'حجب_FTC_MED_Auto', 'عدم توفر توصيلة', 23, '365عدم توفر توصيلة'),
(396, 'الإقليم الغربي (فلترة & تحليل)', 'حجب_FTC_MED_Auto', 'عدم توفر رقم خدمة', 23, '366عدم توفر رقم خدمة'),
(397, 'الإقليم الغربي (فلترة & تحليل)', 'حجب_FTC_MED_Auto', 'لا يقبل إضافة البنود', 23, '367لا يقبل إضافة البنود'),
(398, 'الإقليم الغربي (فلترة & تحليل)', 'حجب_FTC_MED_Auto', 'لا يقبل صرف رقم خدمة', 23, '368لا يقبل صرف رقم خدمة');
INSERT INTO `main_main_main` (`sern1`, `egra`, `bacus`, `bacus1`, `id_2`, `codeCode`) VALUES
(399, 'الإقليم الغربي (فلترة & تحليل)', 'حجب_FTC_MED_Auto', 'لا يوجد مسار افتراضي', 23, '369لا يوجد مسار افتراضي'),
(400, 'الإقليم الغربي (فلترة & تحليل)', 'حجب_FTC_MED_Auto', 'يحتاج تحديث الشبكة الداخلية/الخارجية', 23, '370يحتاج تحديث الشبكة الداخلية/الخارجية'),
(401, 'الإقليم الغربي (فلترة & تحليل)', 'حجب_FTC_MED_Auto', 'يحتاج تصحيح أمر الخدمة', 23, '371يحتاج تصحيح أمر الخدمة'),
(402, 'الإقليم الغربي (فلترة & تحليل)', 'ترحيل_للجدولة_والاتصال', 'تم معالجة البنود', 24, '372تم معالجة البنود'),
(403, 'الإقليم الغربي (فلترة & تحليل)', 'ترحيل_للجدولة_والاتصال', 'تم معالجة الخطة التسعيرية', 24, '373تم معالجة الخطة التسعيرية'),
(404, 'الإقليم الغربي (فلترة & تحليل)', 'ترحيل_للجدولة_والاتصال', 'تم معالجة بطاقــة الـخط', 24, '374تم معالجة بطاقــة الـخط'),
(405, 'الإقليم الغربي (فلترة & تحليل)', 'ترحيل_للجدولة_والاتصال', 'تم معالجة تحديث هواتف الاتصال', 24, '375تم معالجة تحديث هواتف الاتصال'),
(406, 'الإقليم الغربي (فلترة & تحليل)', 'ترحيل_للجدولة_والاتصال', 'تم معالجة رقم الخدمة', 24, '376تم معالجة رقم الخدمة'),
(407, 'الإقليم الغربي (فلترة & تحليل)', 'ترحيل_للجدولة_والاتصال', 'تم معالجة مدة العقد', 24, '377تم معالجة مدة العقد'),
(408, 'الإقليم الغربي (فلترة & تحليل)', 'ترحيل_للجدولة_والاتصال', 'مخلوف 1 xx غير مفلترة xx من إبداع', 24, '378مخلوف 1 xx غير مفلترة xx من إبداع'),
(409, 'الإقليم الغربي (فلترة & تحليل)', 'ترحيل_للجدولة_والاتصال', 'مخلوف 1 مفلترة من إبداع', 24, '379مخلوف 1 مفلترة من إبداع'),
(410, 'الإقليم الغربي (فلترة & تحليل)', 'ترحيل_للجدولة_والاتصال', 'للتواصل والتأكد من رغبه العميل', 24, '380للتواصل والتأكد من رغبه العميل'),
(411, 'الإقليم الغربي (فلترة & تحليل)', 'ترحيل_للجدولة_والاتصال', 'مخلوف 2 < # مكرر', 24, '381مخلوف 2 < # مكرر'),
(412, 'الإقليم الغربي (فلترة & تحليل)', 'ترحيل_للجدولة_والاتصال', 'وجد مطابق', 24, '382وجد مطابق'),
(413, 'الإقليم الغربي (فلترة & تحليل)', 'ترحيل_للجدولة_والاتصال', 'يحتاج تحديد الباقة المطلوبة مع العميل', 24, '383يحتاج تحديد الباقة المطلوبة مع العميل'),
(414, 'الإقليم الغربي (فلترة & تحليل)', 'ترحيل_للجدولة_والاتصال', 'يحتاج تحديد مدة العقد مع العميل', 24, '384يحتاج تحديد مدة العقد مع العميل'),
(415, 'الإقليم الغربي (فلترة & تحليل)', 'ترحيل_للجدولة_والاتصال', 'يحتاج مطابقة بيانات اللوحة المعدنية مع العميل', 24, '385يحتاج مطابقة بيانات اللوحة المعدنية مع العميل'),
(416, 'الإقليم الغربي (فلترة & تحليل)', 'تدقيق_جاسبر_متجاوز_JNC_FTC_D24_CDK', 'الحجب صحيح', 25, '386الحجب صحيح'),
(417, 'الإقليم الغربي (فلترة & تحليل)', 'تدقيق_جاسبر_متجاوز_JNC_FTC_D24_CDK', 'الحجب يحتاج لتوضيح', 25, '387الحجب يحتاج لتوضيح'),
(418, 'الإقليم الغربي (فلترة & تحليل)', 'تدقيق_جاسبر_متجاوز_JNC_FTC_D24_CDK', 'العميل تراجع عن الإلغاء', 25, '389العميل تراجع عن الإلغاء'),
(419, 'الإقليم الغربي (فلترة & تحليل)', 'تدقيق_جاسبر_متجاوز_JNC_FTC_D24_CDK', 'تأجيل الإسناد D24 ساعة غير متاح في الـWFM', 25, '390تأجيل الإسناد D24 ساعة غير متاح في الـWFM'),
(420, 'الإقليم الغربي (فلترة & تحليل)', 'تدقيق_جاسبر_متجاوز_JNC_FTC_D24_CDK', 'تأجيل الإسناد D24 ساعة متاح في الـWFM', 25, '391تأجيل الإسناد D24 ساعة متاح في الـWFM'),
(421, 'الإقليم الغربي (فلترة & تحليل)', 'تدقيق_جاسبر_متجاوز_JNC_FTC_D24_CDK', 'تاريخ الإسناد FTC مطابق الـ WFM **', 25, '392تاريخ الإسناد FTC مطابق الـ WFM **'),
(422, 'الإقليم الغربي (فلترة & تحليل)', 'تدقيق_جاسبر_متجاوز_JNC_FTC_D24_CDK', 'تاريخ الإسناد FTCغير مطابق الـWFM تم التصحيح**', 25, '393تاريخ الإسناد FTCغير مطابق الـWFM تم التصحيح**'),
(423, 'الإقليم الغربي (فلترة & تحليل)', 'تدقيق_جاسبر_متجاوز_JNC_FTC_D24_CDK', 'ترحيل المسند FTC حسب الموعد**', 25, '394ترحيل المسند FTC حسب الموعد**'),
(424, 'الإقليم الغربي (فلترة & تحليل)', 'تدقيق_جاسبر_متجاوز_JNC_FTC_D24_CDK', 'ترحيل الى GRA للجدولة', 25, '395ترحيل الى GRA للجدولة'),
(425, 'الإقليم الغربي (فلترة & تحليل)', 'تدقيق_جاسبر_متجاوز_JNC_FTC_D24_CDK', 'ترحيل الى MWI', 25, '396ترحيل الى MWI'),
(426, 'الإقليم الغربي (فلترة & تحليل)', 'تدقيق_جاسبر_متجاوز_JNC_FTC_D24_CDK', 'ترحيل للتواصل ( caw & cka )', 25, '397ترحيل للتواصل ( caw & cka )'),
(427, 'الإقليم الغربي (فلترة & تحليل)', 'تدقيق_جاسبر_متجاوز_JNC_FTC_D24_CDK', 'جدولة الـGRA غير ناجحة (GE1-GRA)', 25, '398جدولة الـGRA غير ناجحة (GE1-GRA)'),
(428, 'الإقليم الغربي (فلترة & تحليل)', 'تدقيق_جاسبر_متجاوز_JNC_FTC_D24_CDK', 'فائض إسناد المنطقة يحتاج أعتذار وتجديد الموعد', 25, '397فائض إسناد المنطقة يحتاج أعتذار وتجديد الموعد'),
(429, 'الإقليم الغربي (فلترة & تحليل)', 'تدقيق_جاسبر_متجاوز_JNC_FTC_D24_CDK', 'حذف منضدة المسند خارج مراحل التركيب', 25, '398حذف منضدة المسند خارج مراحل التركيب'),
(430, 'الإقليم الغربي (فلترة & تحليل)', 'تدقيق_جاسبر_متجاوز_JNC_FTC_D24_CDK', 'لم يتم مرور الأمر لمرحلة AC', 25, '399لم يتم مرور الأمر لمرحلة AC'),
(431, 'الإقليم الغربي (فلترة & تحليل)', 'تدقيق_جاسبر_متجاوز_JNC_FTC_D24_CDK', 'لم ينجح إرسال أسم المستخدم ورحل للـAC', 25, '400لم ينجح إرسال أسم المستخدم ورحل للـAC'),
(432, 'الإقليم الغربي (فلترة & تحليل)', 'تحليل الأوامر المسندة والتي لا تزال في ابداع', 'لايوجد', 26, '401لايوجد'),
(433, 'الإقليم الغربي (فلترة & تحليل)', 'تحليل مكرر الاسناد', 'لايوجد', 27, '401لايوجد'),
(434, 'الإقليم الغربي (فلترة & تحليل)', 'تحليل متجاوز 30 يوم', 'لايوجد', 28, '401لايوجد'),
(435, 'الإقليم الغربي (فلترة & تحليل)', 'تحليل المسند ولم يخصص له فني بالمناطق', 'لايوجد', 29, '401لايوجد'),
(436, 'الإقليم الغربي (فلترة & تحليل)', 'تحليل المخصص للفني ولم يتخذ فيه اجراء', 'لايوجد', 30, '401لايوجد'),
(437, 'الإقليم الغربي (فلترة & تحليل)', 'تحليل الرجيع الصباحي لكود لا يرد', 'لايوجد', 31, '401لايوجد'),
(438, 'الإقليم الغربي (فلترة & تحليل)', 'الشكاوي والملاحظات الأخرى', 'لايوجد', 32, '401لايوجد'),
(439, 'الإقليم الجنوبي (فلترة & تحليل)', 'إسناد', 'تم الإسناد بطلب او تنسيق مع المنطقة', 33, '277تم الإسناد بطلب او تنسيق مع المنطقة'),
(440, 'الإقليم الجنوبي (فلترة & تحليل)', 'إسناد', 'تمت الفلترة وتم الإسناد في الـWFM حسب أقرب موعد', 33, '278تمت الفلترة وتم الإسناد في الـWFM حسب أقرب موعد'),
(441, 'الإقليم الجنوبي (فلترة & تحليل)', 'إسناد', 'يحتاج تتبع بورت / توصيلة في الطبيعة .. للمعالجة', 33, '279يحتاج تتبع بورت / توصيلة في الطبيعة .. للمعالجة'),
(442, 'الإقليم الجنوبي (فلترة & تحليل)', 'حجب', 'اشارة افاق ضعيفة من المقسم', 34, '280اشارة افاق ضعيفة من المقسم'),
(443, 'الإقليم الجنوبي (فلترة & تحليل)', 'حجب', 'الأمر الأساسي ملغي', 34, '281الأمر الأساسي ملغي'),
(444, 'الإقليم الجنوبي (فلترة & تحليل)', 'حجب', 'الأمرغير مستخدم يحتاج إعادة تأسيس', 34, '282الأمرغير مستخدم يحتاج إعادة تأسيس'),
(445, 'الإقليم الجنوبي (فلترة & تحليل)', 'حجب', 'البيانات غير مبنية في النظام', 34, '283البيانات غير مبنية في النظام'),
(446, 'الإقليم الجنوبي (فلترة & تحليل)', 'حجب', 'الخدمة مركبة لدى العميل (إستكمال الأمر)', 34, '284الخدمة مركبة لدى العميل (إستكمال الأمر)'),
(447, 'الإقليم الجنوبي (فلترة & تحليل)', 'حجب', 'العلبة مكسورة', 34, '285العلبة مكسورة'),
(448, 'الإقليم الجنوبي (فلترة & تحليل)', 'حجب', 'العميل يطلب التأجيل اكثر من 30 يوم', 34, '286العميل يطلب التأجيل اكثر من 30 يوم'),
(449, 'الإقليم الجنوبي (فلترة & تحليل)', 'حجب', 'الفلترة MED ليست ضمن مسار الأمر', 34, '287الفلترة MED ليست ضمن مسار الأمر'),
(450, 'الإقليم الجنوبي (فلترة & تحليل)', 'حجب', 'المسار الافتراضي خاطئ', 34, '288المسار الافتراضي خاطئ'),
(451, 'الإقليم الجنوبي (فلترة & تحليل)', 'حجب', 'الموقع تجاري (منشآت كبيرة)/ شريحة قطاع أعمال', 34, '289الموقع تجاري (منشآت كبيرة)/ شريحة قطاع أعمال'),
(452, 'الإقليم الجنوبي (فلترة & تحليل)', 'حجب', 'الموقع غير مخدوم 4G&3G', 34, '290الموقع غير مخدوم 4G&3G'),
(453, 'الإقليم الجنوبي (فلترة & تحليل)', 'حجب', 'الموقع غير مخدوم بشبكة الـFTTH', 34, '291الموقع غير مخدوم بشبكة الـFTTH'),
(454, 'الإقليم الجنوبي (فلترة & تحليل)', 'حجب', 'الموقع غير مخدوم بعلبة DP/TB', 34, '292الموقع غير مخدوم بعلبة DP/TB'),
(455, 'الإقليم الجنوبي (فلترة & تحليل)', 'حجب', 'الموقع مخدوم بالشبكة الأرضية', 34, '293الموقع مخدوم بالشبكة الأرضية'),
(456, 'الإقليم الجنوبي (فلترة & تحليل)', 'حجب', 'الموقع مخدوم بكيبل نحاسي غير مؤهل IPTV انفجن', 34, '294الموقع مخدوم بكيبل نحاسي غير مؤهل IPTV انفجن'),
(457, 'الإقليم الجنوبي (فلترة & تحليل)', 'حجب', 'الموقع يحتاج تركيب سلك خدمة BSW', 34, '295الموقع يحتاج تركيب سلك خدمة BSW'),
(458, 'الإقليم الجنوبي (فلترة & تحليل)', 'حجب', 'أمر مكرر (لم يطلبه العميل)', 34, '296أمر مكرر (لم يطلبه العميل)'),
(459, 'الإقليم الجنوبي (فلترة & تحليل)', 'حجب', 'إيقاف بطلب منافذ البيع', 34, '297إيقاف بطلب منافذ البيع'),
(460, 'الإقليم الجنوبي (فلترة & تحليل)', 'حجب', 'تفعيل شعيره - بورت إضافي', 34, '298تفعيل شعيره - بورت إضافي'),
(461, 'الإقليم الجنوبي (فلترة & تحليل)', 'حجب', 'عدم توفر برايمري', 34, '299عدم توفر برايمري'),
(462, 'الإقليم الجنوبي (فلترة & تحليل)', 'حجب', 'عدم توفر بورت', 34, '300عدم توفر بورت'),
(463, 'الإقليم الجنوبي (فلترة & تحليل)', 'حجب', 'عدم توفر توصيلة', 34, '301عدم توفر توصيلة'),
(464, 'الإقليم الجنوبي (فلترة & تحليل)', 'حجب', 'عدم توفر رقم خدمة', 34, '302عدم توفر رقم خدمة'),
(465, 'الإقليم الجنوبي (فلترة & تحليل)', 'حجب', 'لا يقبل إضافة البنود', 34, '303لا يقبل إضافة البنود'),
(466, 'الإقليم الجنوبي (فلترة & تحليل)', 'حجب', 'لا يقبل صرف رقم خدمة', 34, '304لا يقبل صرف رقم خدمة'),
(467, 'الإقليم الجنوبي (فلترة & تحليل)', 'حجب', 'لا يوجد مسار افتراضي', 34, '305لا يوجد مسار افتراضي'),
(468, 'الإقليم الجنوبي (فلترة & تحليل)', 'حجب', 'لا يوجد هواتف اتصال', 34, '306لا يوجد هواتف اتصال'),
(469, 'الإقليم الجنوبي (فلترة & تحليل)', 'حجب', 'لم يتم توثيق بيع الخدمة SMS', 34, '307لم يتم توثيق بيع الخدمة SMS'),
(470, 'الإقليم الجنوبي (فلترة & تحليل)', 'حجب', 'لمعالجة الامر', 34, '308إخلاف أمر بواسطة إبداع'),
(471, 'الإقليم الجنوبي (فلترة & تحليل)', 'حجب', 'محرر من الأنتظار OH دون إفادة أو تنسيق', 34, '309محرر من الأنتظار OH دون إفادة أو تنسيق'),
(472, 'الإقليم الجنوبي (فلترة & تحليل)', 'حجب', 'يحتاج تحديث الشبكة الداخلية/الخارجية', 34, '310يحتاج تحديث الشبكة الداخلية/الخارجية'),
(473, 'الإقليم الجنوبي (فلترة & تحليل)', 'حجب', 'يحتاج تصحيح أمر الخدمة', 34, '311يحتاج تصحيح أمر الخدمة'),
(474, 'الإقليم الجنوبي (فلترة & تحليل)', 'متابعة_اتصال_مكرر_متعثر_معالجة', 'متعثر المعالجة بسبب النظام (أخرى)', 35, '312متعثر المعالجة بسبب النظام (أخرى)'),
(475, 'الإقليم الجنوبي (فلترة & تحليل)', 'متابعة_اتصال_مكرر_متعثر_معالجة', 'متعثر المعالجة بسبب النظام (بطاقة معلقة)', 35, '313متعثر المعالجة بسبب النظام (بطاقة معلقة)'),
(476, 'الإقليم الجنوبي (فلترة & تحليل)', 'متابعة_اتصال_مكرر_متعثر_معالجة', 'متعثر المعالجة بسبب النظام (لايقبل الجدولة)', 35, '314متعثر المعالجة بسبب النظام (لايقبل الجدولة)'),
(477, 'الإقليم الجنوبي (فلترة & تحليل)', 'متابعة_اتصال_مكرر_متعثر_معالجة', 'متعثر المعالجة بسبب النظام (لايقبل معالجة المسار)', 35, '315متعثر المعالجة بسبب النظام (لايقبل معالجة المسار)'),
(478, 'الإقليم الجنوبي (فلترة & تحليل)', 'متابعة_اتصال_مكرر_متعثر_معالجة', 'متعثر المعالجة بسبب النظام (لايقبل إضافة بند)', 35, '316متعثر المعالجة بسبب النظام (لايقبل إضافة بند)'),
(479, 'الإقليم الجنوبي (فلترة & تحليل)', 'متابعة_اتصال_مكرر_متعثر_معالجة', 'متعثر إسناد بسبب المنطقة (متاح بعد 5أيام - أخرى)', 35, '317متعثر إسناد بسبب المنطقة (متاح بعد 5أيام - أخرى)'),
(480, 'الإقليم الجنوبي (فلترة & تحليل)', 'متابعة_اتصال_مكرر_متعثر_معالجة', 'مكرر لنفس حساب العميل', 35, '317مكرر لنفس حساب العميل'),
(481, 'الإقليم الجنوبي (فلترة & تحليل)', 'متابعة_اتصال_مكرر_متعثر_معالجة', 'يحتاج معالجة (نوع/بنود/مدة العقد) الخدمة', 35, '318يحتاج معالجة (نوع/بنود/مدة العقد) الخدمة'),
(482, 'الإقليم الجنوبي (فلترة & تحليل)', 'متابعة_اتصال_مكرر_متعثر_معالجة', 'يحتاج معالجة بيانات اللوحة المعدنية', 35, '319يحتاج معالجة بيانات اللوحة المعدنية'),
(483, 'الإقليم الجنوبي (فلترة & تحليل)', 'رصد_الترحيل_الخاطئ', 'العميل يرغب التأجيل خلال 24س بناءً على إفادة الفني', 36, '320العميل يرغب التأجيل خلال 24س بناءً على إفادة الفني'),
(484, 'الإقليم الجنوبي (فلترة & تحليل)', 'رصد_الترحيل_الخاطئ', 'أوامر منزوعة الجمبرة', 36, '321أوامر منزوعة الجمبرة'),
(485, 'الإقليم الجنوبي (فلترة & تحليل)', 'رصد_الترحيل_الخاطئ', 'ترحيل الى MD2 لتعديل الدراسة', 36, '321ترحيل الى MD2 لتعديل الدراسة'),
(486, 'الإقليم الجنوبي (فلترة & تحليل)', 'رصد_الترحيل_الخاطئ', 'ترحيل الى MD2 للمعالجة (بنود , رقم خدمة , ..)', 36, '322ترحيل الى MD2 للمعالجة (بنود , رقم خدمة , ..)'),
(487, 'الإقليم الجنوبي (فلترة & تحليل)', 'رصد_الترحيل_الخاطئ', 'ترحيل آلي LOOPxxxx خاطئ بسبب النظام', 36, '323ترحيل آلي LOOPxxxx خاطئ بسبب النظام'),
(488, 'الإقليم الجنوبي (فلترة & تحليل)', 'رصد_الترحيل_الخاطئ', 'ترحيل خاطئ من داخل الشعبة', 36, '324ترحيل خاطئ من داخل الشعبة'),
(489, 'الإقليم الجنوبي (فلترة & تحليل)', 'رصد_الترحيل_الخاطئ', 'خطأ ترحيل ( التزام بالموعد )', 36, '325خطأ ترحيل ( التزام بالموعد )'),
(490, 'الإقليم الجنوبي (فلترة & تحليل)', 'رصد_الترحيل_الخاطئ', 'خطأ ترحيل (افادة غير و اضحة)', 36, '326خطأ ترحيل (افادة غير و اضحة)'),
(491, 'الإقليم الجنوبي (فلترة & تحليل)', 'رصد_الترحيل_الخاطئ', 'لا يوجد مذكرة فني', 36, '327لا يوجد مذكرة فني'),
(492, 'الإقليم الجنوبي (فلترة & تحليل)', 'رصد_الترحيل_الخاطئ', 'مخلوف شركة', 36, '328مخلوف شركة'),
(493, 'الإقليم الجنوبي (فلترة & تحليل)', 'رصد_الترحيل_الخاطئ', 'مخلوف عميـل', 36, '329مخلوف عميـل'),
(494, 'الإقليم الجنوبي (فلترة & تحليل)', 'إسناد_بعد_الفلترة_موثق', 'الامر غير مجدول', 37, '330الامر غير مجدول'),
(495, 'الإقليم الجنوبي (فلترة & تحليل)', 'إسناد_بعد_الفلترة_موثق', 'الامر مجدول وغير مسند', 37, '331الامر مجدول وغير مسند'),
(496, 'الإقليم الجنوبي (فلترة & تحليل)', 'إسناد_بعد_الفلترة_موثق', 'تم معالجة البنود', 37, '332تم معالجة البنود'),
(497, 'الإقليم الجنوبي (فلترة & تحليل)', 'إسناد_بعد_الفلترة_موثق', 'تم معالجة المسار الافتراضي', 37, '333تم معالجة المسار الافتراضي'),
(498, 'الإقليم الجنوبي (فلترة & تحليل)', 'إسناد_بعد_الفلترة_موثق', 'تم معالجة بطاقة الخط', 37, '334تم معالجة بطاقة الخط'),
(499, 'الإقليم الجنوبي (فلترة & تحليل)', 'إسناد_بعد_الفلترة_موثق', 'تم معالجة تحديث هواتف الاتصال', 37, '335تم معالجة تحديث هواتف الاتصال'),
(500, 'الإقليم الجنوبي (فلترة & تحليل)', 'إسناد_بعد_الفلترة_موثق', 'تم معالجة رقم الخدمة', 37, '336تم معالجة رقم الخدمة'),
(501, 'الإقليم الجنوبي (فلترة & تحليل)', 'إسناد_بعد_الفلترة_موثق', 'تم معالجة مدة العقد', 37, '337تم معالجة مدة العقد'),
(502, 'الإقليم الجنوبي (فلترة & تحليل)', 'إسناد_بعد_الفلترة_موثق', 'وجد مطابق', 37, '338وجد مطابق'),
(503, 'الإقليم الجنوبي (فلترة & تحليل)', 'إسناد_بعد_الفلترة_موثق', 'الامر سليم ولم يرحل  اليا من MED Automatin', 37, '339الامر سليم ولم يرحل  اليا من MED Automatin'),
(504, 'الإقليم الجنوبي (فلترة & تحليل)', 'إسناد_بعد_الفلترة_موثق', 'عدم اكتمال بنود الخدمة MED Automation', 37, '340عدم اكتمال بنود الخدمة MED Automation'),
(505, 'الإقليم الجنوبي (فلترة & تحليل)', 'اسناد_FTC_MED_Auto', 'الامر سليم ( مرحل بشكل صحيح ل FTC )', 38, '341الامر سليم ( مرحل بشكل صحيح ل FTC )'),
(506, 'الإقليم الجنوبي (فلترة & تحليل)', 'اسناد_FTC_MED_Auto', 'الامر غير مجدول', 38, '342الامر غير مجدول'),
(507, 'الإقليم الجنوبي (فلترة & تحليل)', 'اسناد_FTC_MED_Auto', 'الامر مجدول وغير مسند', 38, '343الامر مجدول وغير مسند'),
(508, 'الإقليم الجنوبي (فلترة & تحليل)', 'اسناد_FTC_MED_Auto', 'تاريخ الإسناد FTC مطابق الـ WFM **', 38, '344تاريخ الإسناد FTC مطابق الـ WFM **'),
(509, 'الإقليم الجنوبي (فلترة & تحليل)', 'اسناد_FTC_MED_Auto', 'تاريخ الإسناد FTCغير مطابق الـWFM تم التصحيح**', 38, '345تاريخ الإسناد FTCغير مطابق الـWFM تم التصحيح**'),
(510, 'الإقليم الجنوبي (فلترة & تحليل)', 'اسناد_FTC_MED_Auto', 'تحديث موعد الاسناد الى تاريخ اقرب', 38, '346تحديث موعد الاسناد الى تاريخ اقرب'),
(511, 'الإقليم الجنوبي (فلترة & تحليل)', 'اسناد_FTC_MED_Auto', 'ترحيل المسند FTC حسب الموعد**', 38, '347ترحيل المسند FTC حسب الموعد**'),
(512, 'الإقليم الجنوبي (فلترة & تحليل)', 'اسناد_FTC_MED_Auto', 'تم معالجة البنود', 38, '348تم معالجة البنود'),
(513, 'الإقليم الجنوبي (فلترة & تحليل)', 'اسناد_FTC_MED_Auto', 'تم معالجة بطاقة الـخط', 38, '349تم معالجة بطاقة الـخط'),
(514, 'الإقليم الجنوبي (فلترة & تحليل)', 'اسناد_FTC_MED_Auto', 'تم معالجة تحديث هواتف الاتصال', 38, '350تم معالجة تحديث هواتف الاتصال'),
(515, 'الإقليم الجنوبي (فلترة & تحليل)', 'اسناد_FTC_MED_Auto', 'تم معالجة رقم الخدمة', 38, '351تم معالجة رقم الخدمة'),
(516, 'الإقليم الجنوبي (فلترة & تحليل)', 'حجب_FTC_MED_Auto', 'اشارة افاق ضعيفة من المقسم', 39, '352اشارة افاق ضعيفة من المقسم'),
(517, 'الإقليم الجنوبي (فلترة & تحليل)', 'حجب_FTC_MED_Auto', 'الأمرغير مستخدم يحتاج إعادة تأسيس', 39, '353الأمرغير مستخدم يحتاج إعادة تأسيس'),
(518, 'الإقليم الجنوبي (فلترة & تحليل)', 'حجب_FTC_MED_Auto', 'البيانات غير مبنية بالنظام', 39, '354البيانات غير مبنية بالنظام'),
(519, 'الإقليم الجنوبي (فلترة & تحليل)', 'حجب_FTC_MED_Auto', 'الخدمة مركبة لدى العميل (إستكمال الأمر)', 39, '355الخدمة مركبة لدى العميل (إستكمال الأمر)'),
(520, 'الإقليم الجنوبي (فلترة & تحليل)', 'حجب_FTC_MED_Auto', 'الكيبل مقطوع', 39, '356الكيبل مقطوع'),
(521, 'الإقليم الجنوبي (فلترة & تحليل)', 'حجب_FTC_MED_Auto', 'الموقع غير مخدوم بعلبة DP/TB', 39, '357الموقع غير مخدوم بعلبة DP/TB'),
(522, 'الإقليم الجنوبي (فلترة & تحليل)', 'حجب_FTC_MED_Auto', 'الموقع مخدوم بالشبكة الأرضية', 39, '358الموقع مخدوم بالشبكة الأرضية'),
(523, 'الإقليم الجنوبي (فلترة & تحليل)', 'حجب_FTC_MED_Auto', 'الموقع يحتاج تركيب سلك خدمة BSW', 39, '359الموقع يحتاج تركيب سلك خدمة BSW'),
(524, 'الإقليم الجنوبي (فلترة & تحليل)', 'حجب_FTC_MED_Auto', 'أمر مكرر (لم يطلبه العميل)', 39, '360أمر مكرر (لم يطلبه العميل)'),
(525, 'الإقليم الجنوبي (فلترة & تحليل)', 'حجب_FTC_MED_Auto', 'أوامر منزوعة الجمبرة', 39, '361أوامر منزوعة الجمبرة'),
(526, 'الإقليم الجنوبي (فلترة & تحليل)', 'حجب_FTC_MED_Auto', 'إيقاف بطلب منافذ البيع', 39, '362إيقاف بطلب منافذ البيع'),
(527, 'الإقليم الجنوبي (فلترة & تحليل)', 'حجب_FTC_MED_Auto', 'عدم توفر برايمري', 39, '363عدم توفر برايمري'),
(528, 'الإقليم الجنوبي (فلترة & تحليل)', 'حجب_FTC_MED_Auto', 'عدم توفر بورت', 39, '364عدم توفر بورت'),
(529, 'الإقليم الجنوبي (فلترة & تحليل)', 'حجب_FTC_MED_Auto', 'عدم توفر توصيلة', 39, '365عدم توفر توصيلة'),
(530, 'الإقليم الجنوبي (فلترة & تحليل)', 'حجب_FTC_MED_Auto', 'عدم توفر رقم خدمة', 39, '366عدم توفر رقم خدمة'),
(531, 'الإقليم الجنوبي (فلترة & تحليل)', 'حجب_FTC_MED_Auto', 'لا يقبل إضافة البنود', 39, '367لا يقبل إضافة البنود'),
(532, 'الإقليم الجنوبي (فلترة & تحليل)', 'حجب_FTC_MED_Auto', 'لا يقبل صرف رقم خدمة', 39, '368لا يقبل صرف رقم خدمة'),
(533, 'الإقليم الجنوبي (فلترة & تحليل)', 'حجب_FTC_MED_Auto', 'لا يوجد مسار افتراضي', 39, '369لا يوجد مسار افتراضي'),
(534, 'الإقليم الجنوبي (فلترة & تحليل)', 'حجب_FTC_MED_Auto', 'يحتاج تحديث الشبكة الداخلية/الخارجية', 39, '370يحتاج تحديث الشبكة الداخلية/الخارجية'),
(535, 'الإقليم الجنوبي (فلترة & تحليل)', 'حجب_FTC_MED_Auto', 'يحتاج تصحيح أمر الخدمة', 39, '371يحتاج تصحيح أمر الخدمة'),
(536, 'الإقليم الجنوبي (فلترة & تحليل)', 'ترحيل_للجدولة_والاتصال', 'تم معالجة البنود', 40, '372تم معالجة البنود'),
(537, 'الإقليم الجنوبي (فلترة & تحليل)', 'ترحيل_للجدولة_والاتصال', 'تم معالجة الخطة التسعيرية', 40, '373تم معالجة الخطة التسعيرية'),
(538, 'الإقليم الجنوبي (فلترة & تحليل)', 'ترحيل_للجدولة_والاتصال', 'تم معالجة بطاقــة الـخط', 40, '374تم معالجة بطاقــة الـخط'),
(539, 'الإقليم الجنوبي (فلترة & تحليل)', 'ترحيل_للجدولة_والاتصال', 'تم معالجة تحديث هواتف الاتصال', 40, '375تم معالجة تحديث هواتف الاتصال'),
(540, 'الإقليم الجنوبي (فلترة & تحليل)', 'ترحيل_للجدولة_والاتصال', 'تم معالجة رقم الخدمة', 40, '376تم معالجة رقم الخدمة'),
(541, 'الإقليم الجنوبي (فلترة & تحليل)', 'ترحيل_للجدولة_والاتصال', 'تم معالجة مدة العقد', 40, '377تم معالجة مدة العقد'),
(542, 'الإقليم الجنوبي (فلترة & تحليل)', 'ترحيل_للجدولة_والاتصال', 'مخلوف 1 xx غير مفلترة xx من إبداع', 40, '378مخلوف 1 xx غير مفلترة xx من إبداع'),
(543, 'الإقليم الجنوبي (فلترة & تحليل)', 'ترحيل_للجدولة_والاتصال', 'مخلوف 1 مفلترة من إبداع', 40, '379مخلوف 1 مفلترة من إبداع'),
(544, 'الإقليم الجنوبي (فلترة & تحليل)', 'ترحيل_للجدولة_والاتصال', 'للتواصل والتأكد من رغبه العميل', 40, '380للتواصل والتأكد من رغبه العميل'),
(545, 'الإقليم الجنوبي (فلترة & تحليل)', 'ترحيل_للجدولة_والاتصال', 'مخلوف 2 < # مكرر', 40, '381مخلوف 2 < # مكرر'),
(546, 'الإقليم الجنوبي (فلترة & تحليل)', 'ترحيل_للجدولة_والاتصال', 'وجد مطابق', 40, '382وجد مطابق'),
(547, 'الإقليم الجنوبي (فلترة & تحليل)', 'ترحيل_للجدولة_والاتصال', 'يحتاج تحديد الباقة المطلوبة مع العميل', 40, '383يحتاج تحديد الباقة المطلوبة مع العميل'),
(548, 'الإقليم الجنوبي (فلترة & تحليل)', 'ترحيل_للجدولة_والاتصال', 'يحتاج تحديد مدة العقد مع العميل', 40, '384يحتاج تحديد مدة العقد مع العميل'),
(549, 'الإقليم الجنوبي (فلترة & تحليل)', 'ترحيل_للجدولة_والاتصال', 'يحتاج مطابقة بيانات اللوحة المعدنية مع العميل', 40, '385يحتاج مطابقة بيانات اللوحة المعدنية مع العميل'),
(550, 'الإقليم الجنوبي (فلترة & تحليل)', 'تدقيق_جاسبر_متجاوز_JNC_FTC_D24_CDK', 'الحجب صحيح', 41, '386الحجب صحيح'),
(551, 'الإقليم الجنوبي (فلترة & تحليل)', 'تدقيق_جاسبر_متجاوز_JNC_FTC_D24_CDK', 'الحجب يحتاج لتوضيح', 41, '387الحجب يحتاج لتوضيح'),
(552, 'الإقليم الجنوبي (فلترة & تحليل)', 'تدقيق_جاسبر_متجاوز_JNC_FTC_D24_CDK', 'العميل تراجع عن الإلغاء', 41, '389العميل تراجع عن الإلغاء'),
(553, 'الإقليم الجنوبي (فلترة & تحليل)', 'تدقيق_جاسبر_متجاوز_JNC_FTC_D24_CDK', 'تأجيل الإسناد D24 ساعة غير متاح في الـWFM', 41, '390تأجيل الإسناد D24 ساعة غير متاح في الـWFM'),
(554, 'الإقليم الجنوبي (فلترة & تحليل)', 'تدقيق_جاسبر_متجاوز_JNC_FTC_D24_CDK', 'تأجيل الإسناد D24 ساعة متاح في الـWFM', 41, '391تأجيل الإسناد D24 ساعة متاح في الـWFM'),
(555, 'الإقليم الجنوبي (فلترة & تحليل)', 'تدقيق_جاسبر_متجاوز_JNC_FTC_D24_CDK', 'تاريخ الإسناد FTC مطابق الـ WFM **', 41, '392تاريخ الإسناد FTC مطابق الـ WFM **'),
(556, 'الإقليم الجنوبي (فلترة & تحليل)', 'تدقيق_جاسبر_متجاوز_JNC_FTC_D24_CDK', 'تاريخ الإسناد FTCغير مطابق الـWFM تم التصحيح**', 41, '393تاريخ الإسناد FTCغير مطابق الـWFM تم التصحيح**'),
(557, 'الإقليم الجنوبي (فلترة & تحليل)', 'تدقيق_جاسبر_متجاوز_JNC_FTC_D24_CDK', 'ترحيل المسند FTC حسب الموعد**', 41, '394ترحيل المسند FTC حسب الموعد**'),
(558, 'الإقليم الجنوبي (فلترة & تحليل)', 'تدقيق_جاسبر_متجاوز_JNC_FTC_D24_CDK', 'ترحيل الى GRA للجدولة', 41, '395ترحيل الى GRA للجدولة'),
(559, 'الإقليم الجنوبي (فلترة & تحليل)', 'تدقيق_جاسبر_متجاوز_JNC_FTC_D24_CDK', 'ترحيل الى MWI', 41, '396ترحيل الى MWI'),
(560, 'الإقليم الجنوبي (فلترة & تحليل)', 'تدقيق_جاسبر_متجاوز_JNC_FTC_D24_CDK', 'ترحيل للتواصل ( caw & cka )', 41, '397ترحيل للتواصل ( caw & cka )'),
(561, 'الإقليم الجنوبي (فلترة & تحليل)', 'تدقيق_جاسبر_متجاوز_JNC_FTC_D24_CDK', 'جدولة الـGRA غير ناجحة (GE1-GRA)', 41, '398جدولة الـGRA غير ناجحة (GE1-GRA)'),
(562, 'الإقليم الجنوبي (فلترة & تحليل)', 'تدقيق_جاسبر_متجاوز_JNC_FTC_D24_CDK', 'فائض إسناد المنطقة يحتاج أعتذار وتجديد الموعد', 41, '397فائض إسناد المنطقة يحتاج أعتذار وتجديد الموعد'),
(563, 'الإقليم الجنوبي (فلترة & تحليل)', 'تدقيق_جاسبر_متجاوز_JNC_FTC_D24_CDK', 'حذف منضدة المسند خارج مراحل التركيب', 41, '398حذف منضدة المسند خارج مراحل التركيب'),
(564, 'الإقليم الجنوبي (فلترة & تحليل)', 'تدقيق_جاسبر_متجاوز_JNC_FTC_D24_CDK', 'لم يتم مرور الأمر لمرحلة AC', 41, '399لم يتم مرور الأمر لمرحلة AC'),
(565, 'الإقليم الجنوبي (فلترة & تحليل)', 'تدقيق_جاسبر_متجاوز_JNC_FTC_D24_CDK', 'لم ينجح إرسال أسم المستخدم ورحل للـAC', 41, '400لم ينجح إرسال أسم المستخدم ورحل للـAC'),
(566, 'الإقليم الجنوبي (فلترة & تحليل)', 'تحليل الأوامر المسندة والتي لا تزال في ابداع', 'لايوجد', 42, '401لايوجد'),
(567, 'الإقليم الجنوبي (فلترة & تحليل)', 'تحليل مكرر الاسناد', 'لايوجد', 43, '401لايوجد'),
(568, 'الإقليم الجنوبي (فلترة & تحليل)', 'تحليل متجاوز 30 يوم', 'لايوجد', 44, '401لايوجد'),
(569, 'الإقليم الجنوبي (فلترة & تحليل)', 'تحليل المسند ولم يخصص له فني بالمناطق', 'لايوجد', 45, '401لايوجد'),
(570, 'الإقليم الجنوبي (فلترة & تحليل)', 'تحليل المخصص للفني ولم يتخذ فيه اجراء', 'لايوجد', 46, '401لايوجد'),
(571, 'الإقليم الجنوبي (فلترة & تحليل)', 'تحليل الرجيع الصباحي لكود لا يرد', 'لايوجد', 47, '401لايوجد'),
(572, 'الإقليم الجنوبي (فلترة & تحليل)', 'الشكاوي والملاحظات الأخرى', 'لايوجد', 48, '401لايوجد'),
(573, 'الإقليم الشرقي (فلترة & تحليل)', 'إسناد', 'تم الإسناد بطلب او تنسيق مع المنطقة', 49, '277تم الإسناد بطلب او تنسيق مع المنطقة'),
(574, 'الإقليم الشرقي (فلترة & تحليل)', 'إسناد', 'تمت الفلترة وتم الإسناد في الـWFM حسب أقرب موعد', 49, '278تمت الفلترة وتم الإسناد في الـWFM حسب أقرب موعد'),
(575, 'الإقليم الشرقي (فلترة & تحليل)', 'إسناد', 'يحتاج تتبع بورت / توصيلة في الطبيعة .. للمعالجة', 49, '279يحتاج تتبع بورت / توصيلة في الطبيعة .. للمعالجة'),
(576, 'الإقليم الشرقي (فلترة & تحليل)', 'حجب', 'اشارة افاق ضعيفة من المقسم', 50, '280اشارة افاق ضعيفة من المقسم'),
(577, 'الإقليم الشرقي (فلترة & تحليل)', 'حجب', 'الأمر الأساسي ملغي', 50, '281الأمر الأساسي ملغي'),
(578, 'الإقليم الشرقي (فلترة & تحليل)', 'حجب', 'الأمرغير مستخدم يحتاج إعادة تأسيس', 50, '282الأمرغير مستخدم يحتاج إعادة تأسيس'),
(579, 'الإقليم الشرقي (فلترة & تحليل)', 'حجب', 'البيانات غير مبنية في النظام', 50, '283البيانات غير مبنية في النظام'),
(580, 'الإقليم الشرقي (فلترة & تحليل)', 'حجب', 'الخدمة مركبة لدى العميل (إستكمال الأمر)', 50, '284الخدمة مركبة لدى العميل (إستكمال الأمر)'),
(581, 'الإقليم الشرقي (فلترة & تحليل)', 'حجب', 'العلبة مكسورة', 50, '285العلبة مكسورة'),
(582, 'الإقليم الشرقي (فلترة & تحليل)', 'حجب', 'العميل يطلب التأجيل اكثر من 30 يوم', 50, '286العميل يطلب التأجيل اكثر من 30 يوم'),
(583, 'الإقليم الشرقي (فلترة & تحليل)', 'حجب', 'الفلترة MED ليست ضمن مسار الأمر', 50, '287الفلترة MED ليست ضمن مسار الأمر'),
(584, 'الإقليم الشرقي (فلترة & تحليل)', 'حجب', 'المسار الافتراضي خاطئ', 50, '288المسار الافتراضي خاطئ'),
(585, 'الإقليم الشرقي (فلترة & تحليل)', 'حجب', 'الموقع تجاري (منشآت كبيرة)/ شريحة قطاع أعمال', 50, '289الموقع تجاري (منشآت كبيرة)/ شريحة قطاع أعمال'),
(586, 'الإقليم الشرقي (فلترة & تحليل)', 'حجب', 'الموقع غير مخدوم 4G&3G', 50, '290الموقع غير مخدوم 4G&3G'),
(587, 'الإقليم الشرقي (فلترة & تحليل)', 'حجب', 'الموقع غير مخدوم بشبكة الـFTTH', 50, '291الموقع غير مخدوم بشبكة الـFTTH'),
(588, 'الإقليم الشرقي (فلترة & تحليل)', 'حجب', 'الموقع غير مخدوم بعلبة DP/TB', 50, '292الموقع غير مخدوم بعلبة DP/TB'),
(589, 'الإقليم الشرقي (فلترة & تحليل)', 'حجب', 'الموقع مخدوم بالشبكة الأرضية', 50, '293الموقع مخدوم بالشبكة الأرضية'),
(590, 'الإقليم الشرقي (فلترة & تحليل)', 'حجب', 'الموقع مخدوم بكيبل نحاسي غير مؤهل IPTV انفجن', 50, '294الموقع مخدوم بكيبل نحاسي غير مؤهل IPTV انفجن'),
(591, 'الإقليم الشرقي (فلترة & تحليل)', 'حجب', 'الموقع يحتاج تركيب سلك خدمة BSW', 50, '295الموقع يحتاج تركيب سلك خدمة BSW'),
(592, 'الإقليم الشرقي (فلترة & تحليل)', 'حجب', 'أمر مكرر (لم يطلبه العميل)', 50, '296أمر مكرر (لم يطلبه العميل)'),
(593, 'الإقليم الشرقي (فلترة & تحليل)', 'حجب', 'إيقاف بطلب منافذ البيع', 50, '297إيقاف بطلب منافذ البيع'),
(594, 'الإقليم الشرقي (فلترة & تحليل)', 'حجب', 'تفعيل شعيره - بورت إضافي', 50, '298تفعيل شعيره - بورت إضافي'),
(595, 'الإقليم الشرقي (فلترة & تحليل)', 'حجب', 'عدم توفر برايمري', 50, '299عدم توفر برايمري'),
(596, 'الإقليم الشرقي (فلترة & تحليل)', 'حجب', 'عدم توفر بورت', 50, '300عدم توفر بورت'),
(597, 'الإقليم الشرقي (فلترة & تحليل)', 'حجب', 'عدم توفر توصيلة', 50, '301عدم توفر توصيلة'),
(598, 'الإقليم الشرقي (فلترة & تحليل)', 'حجب', 'عدم توفر رقم خدمة', 50, '302عدم توفر رقم خدمة'),
(599, 'الإقليم الشرقي (فلترة & تحليل)', 'حجب', 'لا يقبل إضافة البنود', 50, '303لا يقبل إضافة البنود'),
(600, 'الإقليم الشرقي (فلترة & تحليل)', 'حجب', 'لا يقبل صرف رقم خدمة', 50, '304لا يقبل صرف رقم خدمة'),
(601, 'الإقليم الشرقي (فلترة & تحليل)', 'حجب', 'لا يوجد مسار افتراضي', 50, '305لا يوجد مسار افتراضي'),
(602, 'الإقليم الشرقي (فلترة & تحليل)', 'حجب', 'لا يوجد هواتف اتصال', 50, '306لا يوجد هواتف اتصال'),
(603, 'الإقليم الشرقي (فلترة & تحليل)', 'حجب', 'لم يتم توثيق بيع الخدمة SMS', 50, '307لم يتم توثيق بيع الخدمة SMS'),
(604, 'الإقليم الشرقي (فلترة & تحليل)', 'حجب', 'لمعالجة الامر', 50, '308إخلاف أمر بواسطة إبداع'),
(605, 'الإقليم الشرقي (فلترة & تحليل)', 'حجب', 'محرر من الأنتظار OH دون إفادة أو تنسيق', 50, '309محرر من الأنتظار OH دون إفادة أو تنسيق'),
(606, 'الإقليم الشرقي (فلترة & تحليل)', 'حجب', 'يحتاج تحديث الشبكة الداخلية/الخارجية', 50, '310يحتاج تحديث الشبكة الداخلية/الخارجية'),
(607, 'الإقليم الشرقي (فلترة & تحليل)', 'حجب', 'يحتاج تصحيح أمر الخدمة', 50, '311يحتاج تصحيح أمر الخدمة'),
(608, 'الإقليم الشرقي (فلترة & تحليل)', 'متابعة_اتصال_مكرر_متعثر_معالجة', 'متعثر المعالجة بسبب النظام (أخرى)', 51, '312متعثر المعالجة بسبب النظام (أخرى)'),
(609, 'الإقليم الشرقي (فلترة & تحليل)', 'متابعة_اتصال_مكرر_متعثر_معالجة', 'متعثر المعالجة بسبب النظام (بطاقة معلقة)', 51, '313متعثر المعالجة بسبب النظام (بطاقة معلقة)'),
(610, 'الإقليم الشرقي (فلترة & تحليل)', 'متابعة_اتصال_مكرر_متعثر_معالجة', 'متعثر المعالجة بسبب النظام (لايقبل الجدولة)', 51, '314متعثر المعالجة بسبب النظام (لايقبل الجدولة)'),
(611, 'الإقليم الشرقي (فلترة & تحليل)', 'متابعة_اتصال_مكرر_متعثر_معالجة', 'متعثر المعالجة بسبب النظام (لايقبل معالجة المسار)', 51, '315متعثر المعالجة بسبب النظام (لايقبل معالجة المسار)'),
(612, 'الإقليم الشرقي (فلترة & تحليل)', 'متابعة_اتصال_مكرر_متعثر_معالجة', 'متعثر المعالجة بسبب النظام (لايقبل إضافة بند)', 51, '316متعثر المعالجة بسبب النظام (لايقبل إضافة بند)'),
(613, 'الإقليم الشرقي (فلترة & تحليل)', 'متابعة_اتصال_مكرر_متعثر_معالجة', 'متعثر إسناد بسبب المنطقة (متاح بعد 5أيام - أخرى)', 51, '317متعثر إسناد بسبب المنطقة (متاح بعد 5أيام - أخرى)'),
(614, 'الإقليم الشرقي (فلترة & تحليل)', 'متابعة_اتصال_مكرر_متعثر_معالجة', 'مكرر لنفس حساب العميل', 51, '317مكرر لنفس حساب العميل'),
(615, 'الإقليم الشرقي (فلترة & تحليل)', 'متابعة_اتصال_مكرر_متعثر_معالجة', 'يحتاج معالجة (نوع/بنود/مدة العقد) الخدمة', 51, '318يحتاج معالجة (نوع/بنود/مدة العقد) الخدمة'),
(616, 'الإقليم الشرقي (فلترة & تحليل)', 'متابعة_اتصال_مكرر_متعثر_معالجة', 'يحتاج معالجة بيانات اللوحة المعدنية', 51, '319يحتاج معالجة بيانات اللوحة المعدنية'),
(617, 'الإقليم الشرقي (فلترة & تحليل)', 'رصد_الترحيل_الخاطئ', 'العميل يرغب التأجيل خلال 24س بناءً على إفادة الفني', 52, '320العميل يرغب التأجيل خلال 24س بناءً على إفادة الفني'),
(618, 'الإقليم الشرقي (فلترة & تحليل)', 'رصد_الترحيل_الخاطئ', 'أوامر منزوعة الجمبرة', 52, '321أوامر منزوعة الجمبرة'),
(619, 'الإقليم الشرقي (فلترة & تحليل)', 'رصد_الترحيل_الخاطئ', 'ترحيل الى MD2 لتعديل الدراسة', 52, '321ترحيل الى MD2 لتعديل الدراسة'),
(620, 'الإقليم الشرقي (فلترة & تحليل)', 'رصد_الترحيل_الخاطئ', 'ترحيل الى MD2 للمعالجة (بنود , رقم خدمة , ..)', 52, '322ترحيل الى MD2 للمعالجة (بنود , رقم خدمة , ..)'),
(621, 'الإقليم الشرقي (فلترة & تحليل)', 'رصد_الترحيل_الخاطئ', 'ترحيل آلي LOOPxxxx خاطئ بسبب النظام', 52, '323ترحيل آلي LOOPxxxx خاطئ بسبب النظام'),
(622, 'الإقليم الشرقي (فلترة & تحليل)', 'رصد_الترحيل_الخاطئ', 'ترحيل خاطئ من داخل الشعبة', 52, '324ترحيل خاطئ من داخل الشعبة'),
(623, 'الإقليم الشرقي (فلترة & تحليل)', 'رصد_الترحيل_الخاطئ', 'خطأ ترحيل ( التزام بالموعد )', 52, '325خطأ ترحيل ( التزام بالموعد )'),
(624, 'الإقليم الشرقي (فلترة & تحليل)', 'رصد_الترحيل_الخاطئ', 'خطأ ترحيل (افادة غير و اضحة)', 52, '326خطأ ترحيل (افادة غير و اضحة)'),
(625, 'الإقليم الشرقي (فلترة & تحليل)', 'رصد_الترحيل_الخاطئ', 'لا يوجد مذكرة فني', 52, '327لا يوجد مذكرة فني'),
(626, 'الإقليم الشرقي (فلترة & تحليل)', 'رصد_الترحيل_الخاطئ', 'مخلوف شركة', 52, '328مخلوف شركة'),
(627, 'الإقليم الشرقي (فلترة & تحليل)', 'رصد_الترحيل_الخاطئ', 'مخلوف عميـل', 52, '329مخلوف عميـل'),
(628, 'الإقليم الشرقي (فلترة & تحليل)', 'إسناد_بعد_الفلترة_موثق', 'الامر غير مجدول', 53, '330الامر غير مجدول'),
(629, 'الإقليم الشرقي (فلترة & تحليل)', 'إسناد_بعد_الفلترة_موثق', 'الامر مجدول وغير مسند', 53, '331الامر مجدول وغير مسند'),
(630, 'الإقليم الشرقي (فلترة & تحليل)', 'إسناد_بعد_الفلترة_موثق', 'تم معالجة البنود', 53, '332تم معالجة البنود'),
(631, 'الإقليم الشرقي (فلترة & تحليل)', 'إسناد_بعد_الفلترة_موثق', 'تم معالجة المسار الافتراضي', 53, '333تم معالجة المسار الافتراضي'),
(632, 'الإقليم الشرقي (فلترة & تحليل)', 'إسناد_بعد_الفلترة_موثق', 'تم معالجة بطاقة الخط', 53, '334تم معالجة بطاقة الخط'),
(633, 'الإقليم الشرقي (فلترة & تحليل)', 'إسناد_بعد_الفلترة_موثق', 'تم معالجة تحديث هواتف الاتصال', 53, '335تم معالجة تحديث هواتف الاتصال'),
(634, 'الإقليم الشرقي (فلترة & تحليل)', 'إسناد_بعد_الفلترة_موثق', 'تم معالجة رقم الخدمة', 53, '336تم معالجة رقم الخدمة'),
(635, 'الإقليم الشرقي (فلترة & تحليل)', 'إسناد_بعد_الفلترة_موثق', 'تم معالجة مدة العقد', 53, '337تم معالجة مدة العقد'),
(636, 'الإقليم الشرقي (فلترة & تحليل)', 'إسناد_بعد_الفلترة_موثق', 'وجد مطابق', 53, '338وجد مطابق'),
(637, 'الإقليم الشرقي (فلترة & تحليل)', 'إسناد_بعد_الفلترة_موثق', 'الامر سليم ولم يرحل  اليا من MED Automatin', 53, '339الامر سليم ولم يرحل  اليا من MED Automatin'),
(638, 'الإقليم الشرقي (فلترة & تحليل)', 'إسناد_بعد_الفلترة_موثق', 'عدم اكتمال بنود الخدمة MED Automation', 53, '340عدم اكتمال بنود الخدمة MED Automation'),
(639, 'الإقليم الشرقي (فلترة & تحليل)', 'اسناد_FTC_MED_Auto', 'الامر سليم ( مرحل بشكل صحيح ل FTC )', 54, '341الامر سليم ( مرحل بشكل صحيح ل FTC )'),
(640, 'الإقليم الشرقي (فلترة & تحليل)', 'اسناد_FTC_MED_Auto', 'الامر غير مجدول', 54, '342الامر غير مجدول'),
(641, 'الإقليم الشرقي (فلترة & تحليل)', 'اسناد_FTC_MED_Auto', 'الامر مجدول وغير مسند', 54, '343الامر مجدول وغير مسند'),
(642, 'الإقليم الشرقي (فلترة & تحليل)', 'اسناد_FTC_MED_Auto', 'تاريخ الإسناد FTC مطابق الـ WFM **', 54, '344تاريخ الإسناد FTC مطابق الـ WFM **'),
(643, 'الإقليم الشرقي (فلترة & تحليل)', 'اسناد_FTC_MED_Auto', 'تاريخ الإسناد FTCغير مطابق الـWFM تم التصحيح**', 54, '345تاريخ الإسناد FTCغير مطابق الـWFM تم التصحيح**'),
(644, 'الإقليم الشرقي (فلترة & تحليل)', 'اسناد_FTC_MED_Auto', 'تحديث موعد الاسناد الى تاريخ اقرب', 54, '346تحديث موعد الاسناد الى تاريخ اقرب'),
(645, 'الإقليم الشرقي (فلترة & تحليل)', 'اسناد_FTC_MED_Auto', 'ترحيل المسند FTC حسب الموعد**', 54, '347ترحيل المسند FTC حسب الموعد**'),
(646, 'الإقليم الشرقي (فلترة & تحليل)', 'اسناد_FTC_MED_Auto', 'تم معالجة البنود', 54, '348تم معالجة البنود'),
(647, 'الإقليم الشرقي (فلترة & تحليل)', 'اسناد_FTC_MED_Auto', 'تم معالجة بطاقة الـخط', 54, '349تم معالجة بطاقة الـخط'),
(648, 'الإقليم الشرقي (فلترة & تحليل)', 'اسناد_FTC_MED_Auto', 'تم معالجة تحديث هواتف الاتصال', 54, '350تم معالجة تحديث هواتف الاتصال'),
(649, 'الإقليم الشرقي (فلترة & تحليل)', 'اسناد_FTC_MED_Auto', 'تم معالجة رقم الخدمة', 54, '351تم معالجة رقم الخدمة'),
(650, 'الإقليم الشرقي (فلترة & تحليل)', 'حجب_FTC_MED_Auto', 'اشارة افاق ضعيفة من المقسم', 55, '352اشارة افاق ضعيفة من المقسم'),
(651, 'الإقليم الشرقي (فلترة & تحليل)', 'حجب_FTC_MED_Auto', 'الأمرغير مستخدم يحتاج إعادة تأسيس', 55, '353الأمرغير مستخدم يحتاج إعادة تأسيس'),
(652, 'الإقليم الشرقي (فلترة & تحليل)', 'حجب_FTC_MED_Auto', 'البيانات غير مبنية بالنظام', 55, '354البيانات غير مبنية بالنظام'),
(653, 'الإقليم الشرقي (فلترة & تحليل)', 'حجب_FTC_MED_Auto', 'الخدمة مركبة لدى العميل (إستكمال الأمر)', 55, '355الخدمة مركبة لدى العميل (إستكمال الأمر)'),
(654, 'الإقليم الشرقي (فلترة & تحليل)', 'حجب_FTC_MED_Auto', 'الكيبل مقطوع', 55, '356الكيبل مقطوع'),
(655, 'الإقليم الشرقي (فلترة & تحليل)', 'حجب_FTC_MED_Auto', 'الموقع غير مخدوم بعلبة DP/TB', 55, '357الموقع غير مخدوم بعلبة DP/TB'),
(656, 'الإقليم الشرقي (فلترة & تحليل)', 'حجب_FTC_MED_Auto', 'الموقع مخدوم بالشبكة الأرضية', 55, '358الموقع مخدوم بالشبكة الأرضية'),
(657, 'الإقليم الشرقي (فلترة & تحليل)', 'حجب_FTC_MED_Auto', 'الموقع يحتاج تركيب سلك خدمة BSW', 55, '359الموقع يحتاج تركيب سلك خدمة BSW'),
(658, 'الإقليم الشرقي (فلترة & تحليل)', 'حجب_FTC_MED_Auto', 'أمر مكرر (لم يطلبه العميل)', 55, '360أمر مكرر (لم يطلبه العميل)'),
(659, 'الإقليم الشرقي (فلترة & تحليل)', 'حجب_FTC_MED_Auto', 'أوامر منزوعة الجمبرة', 55, '361أوامر منزوعة الجمبرة'),
(660, 'الإقليم الشرقي (فلترة & تحليل)', 'حجب_FTC_MED_Auto', 'إيقاف بطلب منافذ البيع', 55, '362إيقاف بطلب منافذ البيع'),
(661, 'الإقليم الشرقي (فلترة & تحليل)', 'حجب_FTC_MED_Auto', 'عدم توفر برايمري', 55, '363عدم توفر برايمري'),
(662, 'الإقليم الشرقي (فلترة & تحليل)', 'حجب_FTC_MED_Auto', 'عدم توفر بورت', 55, '364عدم توفر بورت'),
(663, 'الإقليم الشرقي (فلترة & تحليل)', 'حجب_FTC_MED_Auto', 'عدم توفر توصيلة', 55, '365عدم توفر توصيلة'),
(664, 'الإقليم الشرقي (فلترة & تحليل)', 'حجب_FTC_MED_Auto', 'عدم توفر رقم خدمة', 55, '366عدم توفر رقم خدمة'),
(665, 'الإقليم الشرقي (فلترة & تحليل)', 'حجب_FTC_MED_Auto', 'لا يقبل إضافة البنود', 55, '367لا يقبل إضافة البنود'),
(666, 'الإقليم الشرقي (فلترة & تحليل)', 'حجب_FTC_MED_Auto', 'لا يقبل صرف رقم خدمة', 55, '368لا يقبل صرف رقم خدمة'),
(667, 'الإقليم الشرقي (فلترة & تحليل)', 'حجب_FTC_MED_Auto', 'لا يوجد مسار افتراضي', 55, '369لا يوجد مسار افتراضي'),
(668, 'الإقليم الشرقي (فلترة & تحليل)', 'حجب_FTC_MED_Auto', 'يحتاج تحديث الشبكة الداخلية/الخارجية', 55, '370يحتاج تحديث الشبكة الداخلية/الخارجية'),
(669, 'الإقليم الشرقي (فلترة & تحليل)', 'حجب_FTC_MED_Auto', 'يحتاج تصحيح أمر الخدمة', 55, '371يحتاج تصحيح أمر الخدمة'),
(670, 'الإقليم الشرقي (فلترة & تحليل)', 'ترحيل_للجدولة_والاتصال', 'تم معالجة البنود', 56, '372تم معالجة البنود'),
(671, 'الإقليم الشرقي (فلترة & تحليل)', 'ترحيل_للجدولة_والاتصال', 'تم معالجة الخطة التسعيرية', 56, '373تم معالجة الخطة التسعيرية'),
(672, 'الإقليم الشرقي (فلترة & تحليل)', 'ترحيل_للجدولة_والاتصال', 'تم معالجة بطاقــة الـخط', 56, '374تم معالجة بطاقــة الـخط'),
(673, 'الإقليم الشرقي (فلترة & تحليل)', 'ترحيل_للجدولة_والاتصال', 'تم معالجة تحديث هواتف الاتصال', 56, '375تم معالجة تحديث هواتف الاتصال'),
(674, 'الإقليم الشرقي (فلترة & تحليل)', 'ترحيل_للجدولة_والاتصال', 'تم معالجة رقم الخدمة', 56, '376تم معالجة رقم الخدمة'),
(675, 'الإقليم الشرقي (فلترة & تحليل)', 'ترحيل_للجدولة_والاتصال', 'تم معالجة مدة العقد', 56, '377تم معالجة مدة العقد'),
(676, 'الإقليم الشرقي (فلترة & تحليل)', 'ترحيل_للجدولة_والاتصال', 'مخلوف 1 xx غير مفلترة xx من إبداع', 56, '378مخلوف 1 xx غير مفلترة xx من إبداع'),
(677, 'الإقليم الشرقي (فلترة & تحليل)', 'ترحيل_للجدولة_والاتصال', 'مخلوف 1 مفلترة من إبداع', 56, '379مخلوف 1 مفلترة من إبداع'),
(678, 'الإقليم الشرقي (فلترة & تحليل)', 'ترحيل_للجدولة_والاتصال', 'للتواصل والتأكد من رغبه العميل', 56, '380للتواصل والتأكد من رغبه العميل'),
(679, 'الإقليم الشرقي (فلترة & تحليل)', 'ترحيل_للجدولة_والاتصال', 'مخلوف 2 < # مكرر', 56, '381مخلوف 2 < # مكرر'),
(680, 'الإقليم الشرقي (فلترة & تحليل)', 'ترحيل_للجدولة_والاتصال', 'وجد مطابق', 56, '382وجد مطابق'),
(681, 'الإقليم الشرقي (فلترة & تحليل)', 'ترحيل_للجدولة_والاتصال', 'يحتاج تحديد الباقة المطلوبة مع العميل', 56, '383يحتاج تحديد الباقة المطلوبة مع العميل'),
(682, 'الإقليم الشرقي (فلترة & تحليل)', 'ترحيل_للجدولة_والاتصال', 'يحتاج تحديد مدة العقد مع العميل', 56, '384يحتاج تحديد مدة العقد مع العميل'),
(683, 'الإقليم الشرقي (فلترة & تحليل)', 'ترحيل_للجدولة_والاتصال', 'يحتاج مطابقة بيانات اللوحة المعدنية مع العميل', 56, '385يحتاج مطابقة بيانات اللوحة المعدنية مع العميل'),
(684, 'الإقليم الشرقي (فلترة & تحليل)', 'تدقيق_جاسبر_متجاوز_JNC_FTC_D24_CDK', 'الحجب صحيح', 57, '386الحجب صحيح'),
(685, 'الإقليم الشرقي (فلترة & تحليل)', 'تدقيق_جاسبر_متجاوز_JNC_FTC_D24_CDK', 'الحجب يحتاج لتوضيح', 57, '387الحجب يحتاج لتوضيح'),
(686, 'الإقليم الشرقي (فلترة & تحليل)', 'تدقيق_جاسبر_متجاوز_JNC_FTC_D24_CDK', 'العميل تراجع عن الإلغاء', 57, '389العميل تراجع عن الإلغاء'),
(687, 'الإقليم الشرقي (فلترة & تحليل)', 'تدقيق_جاسبر_متجاوز_JNC_FTC_D24_CDK', 'تأجيل الإسناد D24 ساعة غير متاح في الـWFM', 57, '390تأجيل الإسناد D24 ساعة غير متاح في الـWFM'),
(688, 'الإقليم الشرقي (فلترة & تحليل)', 'تدقيق_جاسبر_متجاوز_JNC_FTC_D24_CDK', 'تأجيل الإسناد D24 ساعة متاح في الـWFM', 57, '391تأجيل الإسناد D24 ساعة متاح في الـWFM'),
(689, 'الإقليم الشرقي (فلترة & تحليل)', 'تدقيق_جاسبر_متجاوز_JNC_FTC_D24_CDK', 'تاريخ الإسناد FTC مطابق الـ WFM **', 57, '392تاريخ الإسناد FTC مطابق الـ WFM **'),
(690, 'الإقليم الشرقي (فلترة & تحليل)', 'تدقيق_جاسبر_متجاوز_JNC_FTC_D24_CDK', 'تاريخ الإسناد FTCغير مطابق الـWFM تم التصحيح**', 57, '393تاريخ الإسناد FTCغير مطابق الـWFM تم التصحيح**'),
(691, 'الإقليم الشرقي (فلترة & تحليل)', 'تدقيق_جاسبر_متجاوز_JNC_FTC_D24_CDK', 'ترحيل المسند FTC حسب الموعد**', 57, '394ترحيل المسند FTC حسب الموعد**'),
(692, 'الإقليم الشرقي (فلترة & تحليل)', 'تدقيق_جاسبر_متجاوز_JNC_FTC_D24_CDK', 'ترحيل الى GRA للجدولة', 57, '395ترحيل الى GRA للجدولة'),
(693, 'الإقليم الشرقي (فلترة & تحليل)', 'تدقيق_جاسبر_متجاوز_JNC_FTC_D24_CDK', 'ترحيل الى MWI', 57, '396ترحيل الى MWI'),
(694, 'الإقليم الشرقي (فلترة & تحليل)', 'تدقيق_جاسبر_متجاوز_JNC_FTC_D24_CDK', 'ترحيل للتواصل ( caw & cka )', 57, '397ترحيل للتواصل ( caw & cka )'),
(695, 'الإقليم الشرقي (فلترة & تحليل)', 'تدقيق_جاسبر_متجاوز_JNC_FTC_D24_CDK', 'جدولة الـGRA غير ناجحة (GE1-GRA)', 57, '398جدولة الـGRA غير ناجحة (GE1-GRA)'),
(696, 'الإقليم الشرقي (فلترة & تحليل)', 'تدقيق_جاسبر_متجاوز_JNC_FTC_D24_CDK', 'فائض إسناد المنطقة يحتاج أعتذار وتجديد الموعد', 57, '397فائض إسناد المنطقة يحتاج أعتذار وتجديد الموعد'),
(697, 'الإقليم الشرقي (فلترة & تحليل)', 'تدقيق_جاسبر_متجاوز_JNC_FTC_D24_CDK', 'حذف منضدة المسند خارج مراحل التركيب', 57, '398حذف منضدة المسند خارج مراحل التركيب'),
(698, 'الإقليم الشرقي (فلترة & تحليل)', 'تدقيق_جاسبر_متجاوز_JNC_FTC_D24_CDK', 'لم يتم مرور الأمر لمرحلة AC', 57, '399لم يتم مرور الأمر لمرحلة AC'),
(699, 'الإقليم الشرقي (فلترة & تحليل)', 'تدقيق_جاسبر_متجاوز_JNC_FTC_D24_CDK', 'لم ينجح إرسال أسم المستخدم ورحل للـAC', 57, '400لم ينجح إرسال أسم المستخدم ورحل للـAC'),
(700, 'الإقليم الشرقي (فلترة & تحليل)', 'تحليل الأوامر المسندة والتي لا تزال في ابداع', 'لايوجد', 58, '401لايوجد'),
(701, 'الإقليم الشرقي (فلترة & تحليل)', 'تحليل مكرر الاسناد', 'لايوجد', 59, '401لايوجد'),
(702, 'الإقليم الشرقي (فلترة & تحليل)', 'تحليل متجاوز 30 يوم', 'لايوجد', 60, '401لايوجد'),
(703, 'الإقليم الشرقي (فلترة & تحليل)', 'تحليل المسند ولم يخصص له فني بالمناطق', 'لايوجد', 61, '401لايوجد'),
(704, 'الإقليم الشرقي (فلترة & تحليل)', 'تحليل المخصص للفني ولم يتخذ فيه اجراء', 'لايوجد', 62, '401لايوجد'),
(705, 'الإقليم الشرقي (فلترة & تحليل)', 'تحليل الرجيع الصباحي لكود لا يرد', 'لايوجد', 63, '401لايوجد'),
(706, 'الإقليم الشرقي (فلترة & تحليل)', 'الشكاوي والملاحظات الأخرى', 'لايوجد', 64, '401لايوجد'),
(707, 'الإقليم الأوسط (فلترة & تحليل)', 'إسناد', 'تم الإسناد بطلب او تنسيق مع المنطقة', 65, '277تم الإسناد بطلب او تنسيق مع المنطقة'),
(708, 'الإقليم الأوسط (فلترة & تحليل)', 'إسناد', 'تمت الفلترة وتم الإسناد في الـWFM حسب أقرب موعد', 65, '278تمت الفلترة وتم الإسناد في الـWFM حسب أقرب موعد'),
(709, 'الإقليم الأوسط (فلترة & تحليل)', 'إسناد', 'يحتاج تتبع بورت / توصيلة في الطبيعة .. للمعالجة', 65, '279يحتاج تتبع بورت / توصيلة في الطبيعة .. للمعالجة'),
(710, 'الإقليم الأوسط (فلترة & تحليل)', 'حجب', 'اشارة افاق ضعيفة من المقسم', 66, '280اشارة افاق ضعيفة من المقسم'),
(711, 'الإقليم الأوسط (فلترة & تحليل)', 'حجب', 'الأمر الأساسي ملغي', 66, '281الأمر الأساسي ملغي'),
(712, 'الإقليم الأوسط (فلترة & تحليل)', 'حجب', 'الأمرغير مستخدم يحتاج إعادة تأسيس', 66, '282الأمرغير مستخدم يحتاج إعادة تأسيس'),
(713, 'الإقليم الأوسط (فلترة & تحليل)', 'حجب', 'البيانات غير مبنية في النظام', 66, '283البيانات غير مبنية في النظام'),
(714, 'الإقليم الأوسط (فلترة & تحليل)', 'حجب', 'الخدمة مركبة لدى العميل (إستكمال الأمر)', 66, '284الخدمة مركبة لدى العميل (إستكمال الأمر)'),
(715, 'الإقليم الأوسط (فلترة & تحليل)', 'حجب', 'العلبة مكسورة', 66, '285العلبة مكسورة'),
(716, 'الإقليم الأوسط (فلترة & تحليل)', 'حجب', 'العميل يطلب التأجيل اكثر من 30 يوم', 66, '286العميل يطلب التأجيل اكثر من 30 يوم'),
(717, 'الإقليم الأوسط (فلترة & تحليل)', 'حجب', 'الفلترة MED ليست ضمن مسار الأمر', 66, '287الفلترة MED ليست ضمن مسار الأمر'),
(718, 'الإقليم الأوسط (فلترة & تحليل)', 'حجب', 'المسار الافتراضي خاطئ', 66, '288المسار الافتراضي خاطئ'),
(719, 'الإقليم الأوسط (فلترة & تحليل)', 'حجب', 'الموقع تجاري (منشآت كبيرة)/ شريحة قطاع أعمال', 66, '289الموقع تجاري (منشآت كبيرة)/ شريحة قطاع أعمال'),
(720, 'الإقليم الأوسط (فلترة & تحليل)', 'حجب', 'الموقع غير مخدوم 4G&3G', 66, '290الموقع غير مخدوم 4G&3G'),
(721, 'الإقليم الأوسط (فلترة & تحليل)', 'حجب', 'الموقع غير مخدوم بشبكة الـFTTH', 66, '291الموقع غير مخدوم بشبكة الـFTTH'),
(722, 'الإقليم الأوسط (فلترة & تحليل)', 'حجب', 'الموقع غير مخدوم بعلبة DP/TB', 66, '292الموقع غير مخدوم بعلبة DP/TB'),
(723, 'الإقليم الأوسط (فلترة & تحليل)', 'حجب', 'الموقع مخدوم بالشبكة الأرضية', 66, '293الموقع مخدوم بالشبكة الأرضية'),
(724, 'الإقليم الأوسط (فلترة & تحليل)', 'حجب', 'الموقع مخدوم بكيبل نحاسي غير مؤهل IPTV انفجن', 66, '294الموقع مخدوم بكيبل نحاسي غير مؤهل IPTV انفجن'),
(725, 'الإقليم الأوسط (فلترة & تحليل)', 'حجب', 'الموقع يحتاج تركيب سلك خدمة BSW', 66, '295الموقع يحتاج تركيب سلك خدمة BSW'),
(726, 'الإقليم الأوسط (فلترة & تحليل)', 'حجب', 'أمر مكرر (لم يطلبه العميل)', 66, '296أمر مكرر (لم يطلبه العميل)'),
(727, 'الإقليم الأوسط (فلترة & تحليل)', 'حجب', 'إيقاف بطلب منافذ البيع', 66, '297إيقاف بطلب منافذ البيع'),
(728, 'الإقليم الأوسط (فلترة & تحليل)', 'حجب', 'تفعيل شعيره - بورت إضافي', 66, '298تفعيل شعيره - بورت إضافي'),
(729, 'الإقليم الأوسط (فلترة & تحليل)', 'حجب', 'عدم توفر برايمري', 66, '299عدم توفر برايمري'),
(730, 'الإقليم الأوسط (فلترة & تحليل)', 'حجب', 'عدم توفر بورت', 66, '300عدم توفر بورت'),
(731, 'الإقليم الأوسط (فلترة & تحليل)', 'حجب', 'عدم توفر توصيلة', 66, '301عدم توفر توصيلة'),
(732, 'الإقليم الأوسط (فلترة & تحليل)', 'حجب', 'عدم توفر رقم خدمة', 66, '302عدم توفر رقم خدمة'),
(733, 'الإقليم الأوسط (فلترة & تحليل)', 'حجب', 'لا يقبل إضافة البنود', 66, '303لا يقبل إضافة البنود'),
(734, 'الإقليم الأوسط (فلترة & تحليل)', 'حجب', 'لا يقبل صرف رقم خدمة', 66, '304لا يقبل صرف رقم خدمة'),
(735, 'الإقليم الأوسط (فلترة & تحليل)', 'حجب', 'لا يوجد مسار افتراضي', 66, '305لا يوجد مسار افتراضي'),
(736, 'الإقليم الأوسط (فلترة & تحليل)', 'حجب', 'لا يوجد هواتف اتصال', 66, '306لا يوجد هواتف اتصال'),
(737, 'الإقليم الأوسط (فلترة & تحليل)', 'حجب', 'لم يتم توثيق بيع الخدمة SMS', 66, '307لم يتم توثيق بيع الخدمة SMS'),
(738, 'الإقليم الأوسط (فلترة & تحليل)', 'حجب', 'لمعالجة الامر', 66, '308إخلاف أمر بواسطة إبداع'),
(739, 'الإقليم الأوسط (فلترة & تحليل)', 'حجب', 'محرر من الأنتظار OH دون إفادة أو تنسيق', 66, '309محرر من الأنتظار OH دون إفادة أو تنسيق'),
(740, 'الإقليم الأوسط (فلترة & تحليل)', 'حجب', 'يحتاج تحديث الشبكة الداخلية/الخارجية', 66, '310يحتاج تحديث الشبكة الداخلية/الخارجية'),
(741, 'الإقليم الأوسط (فلترة & تحليل)', 'حجب', 'يحتاج تصحيح أمر الخدمة', 66, '311يحتاج تصحيح أمر الخدمة'),
(742, 'الإقليم الأوسط (فلترة & تحليل)', 'متابعة_اتصال_مكرر_متعثر_معالجة', 'متعثر المعالجة بسبب النظام (أخرى)', 67, '312متعثر المعالجة بسبب النظام (أخرى)'),
(743, 'الإقليم الأوسط (فلترة & تحليل)', 'متابعة_اتصال_مكرر_متعثر_معالجة', 'متعثر المعالجة بسبب النظام (بطاقة معلقة)', 67, '313متعثر المعالجة بسبب النظام (بطاقة معلقة)'),
(744, 'الإقليم الأوسط (فلترة & تحليل)', 'متابعة_اتصال_مكرر_متعثر_معالجة', 'متعثر المعالجة بسبب النظام (لايقبل الجدولة)', 67, '314متعثر المعالجة بسبب النظام (لايقبل الجدولة)'),
(745, 'الإقليم الأوسط (فلترة & تحليل)', 'متابعة_اتصال_مكرر_متعثر_معالجة', 'متعثر المعالجة بسبب النظام (لايقبل معالجة المسار)', 67, '315متعثر المعالجة بسبب النظام (لايقبل معالجة المسار)'),
(746, 'الإقليم الأوسط (فلترة & تحليل)', 'متابعة_اتصال_مكرر_متعثر_معالجة', 'متعثر المعالجة بسبب النظام (لايقبل إضافة بند)', 67, '316متعثر المعالجة بسبب النظام (لايقبل إضافة بند)'),
(747, 'الإقليم الأوسط (فلترة & تحليل)', 'متابعة_اتصال_مكرر_متعثر_معالجة', 'متعثر إسناد بسبب المنطقة (متاح بعد 5أيام - أخرى)', 67, '317متعثر إسناد بسبب المنطقة (متاح بعد 5أيام - أخرى)'),
(748, 'الإقليم الأوسط (فلترة & تحليل)', 'متابعة_اتصال_مكرر_متعثر_معالجة', 'مكرر لنفس حساب العميل', 67, '317مكرر لنفس حساب العميل'),
(749, 'الإقليم الأوسط (فلترة & تحليل)', 'متابعة_اتصال_مكرر_متعثر_معالجة', 'يحتاج معالجة (نوع/بنود/مدة العقد) الخدمة', 67, '318يحتاج معالجة (نوع/بنود/مدة العقد) الخدمة'),
(750, 'الإقليم الأوسط (فلترة & تحليل)', 'متابعة_اتصال_مكرر_متعثر_معالجة', 'يحتاج معالجة بيانات اللوحة المعدنية', 67, '319يحتاج معالجة بيانات اللوحة المعدنية'),
(751, 'الإقليم الأوسط (فلترة & تحليل)', 'رصد_الترحيل_الخاطئ', 'العميل يرغب التأجيل خلال 24س بناءً على إفادة الفني', 68, '320العميل يرغب التأجيل خلال 24س بناءً على إفادة الفني'),
(752, 'الإقليم الأوسط (فلترة & تحليل)', 'رصد_الترحيل_الخاطئ', 'أوامر منزوعة الجمبرة', 68, '321أوامر منزوعة الجمبرة'),
(753, 'الإقليم الأوسط (فلترة & تحليل)', 'رصد_الترحيل_الخاطئ', 'ترحيل الى MD2 لتعديل الدراسة', 68, '321ترحيل الى MD2 لتعديل الدراسة'),
(754, 'الإقليم الأوسط (فلترة & تحليل)', 'رصد_الترحيل_الخاطئ', 'ترحيل الى MD2 للمعالجة (بنود , رقم خدمة , ..)', 68, '322ترحيل الى MD2 للمعالجة (بنود , رقم خدمة , ..)'),
(755, 'الإقليم الأوسط (فلترة & تحليل)', 'رصد_الترحيل_الخاطئ', 'ترحيل آلي LOOPxxxx خاطئ بسبب النظام', 68, '323ترحيل آلي LOOPxxxx خاطئ بسبب النظام'),
(756, 'الإقليم الأوسط (فلترة & تحليل)', 'رصد_الترحيل_الخاطئ', 'ترحيل خاطئ من داخل الشعبة', 68, '324ترحيل خاطئ من داخل الشعبة'),
(757, 'الإقليم الأوسط (فلترة & تحليل)', 'رصد_الترحيل_الخاطئ', 'خطأ ترحيل ( التزام بالموعد )', 68, '325خطأ ترحيل ( التزام بالموعد )'),
(758, 'الإقليم الأوسط (فلترة & تحليل)', 'رصد_الترحيل_الخاطئ', 'خطأ ترحيل (افادة غير و اضحة)', 68, '326خطأ ترحيل (افادة غير و اضحة)'),
(759, 'الإقليم الأوسط (فلترة & تحليل)', 'رصد_الترحيل_الخاطئ', 'لا يوجد مذكرة فني', 68, '327لا يوجد مذكرة فني'),
(760, 'الإقليم الأوسط (فلترة & تحليل)', 'رصد_الترحيل_الخاطئ', 'مخلوف شركة', 68, '328مخلوف شركة'),
(761, 'الإقليم الأوسط (فلترة & تحليل)', 'رصد_الترحيل_الخاطئ', 'مخلوف عميـل', 68, '329مخلوف عميـل'),
(762, 'الإقليم الأوسط (فلترة & تحليل)', 'إسناد_بعد_الفلترة_موثق', 'الامر غير مجدول', 69, '330الامر غير مجدول'),
(763, 'الإقليم الأوسط (فلترة & تحليل)', 'إسناد_بعد_الفلترة_موثق', 'الامر مجدول وغير مسند', 69, '331الامر مجدول وغير مسند'),
(764, 'الإقليم الأوسط (فلترة & تحليل)', 'إسناد_بعد_الفلترة_موثق', 'تم معالجة البنود', 69, '332تم معالجة البنود'),
(765, 'الإقليم الأوسط (فلترة & تحليل)', 'إسناد_بعد_الفلترة_موثق', 'تم معالجة المسار الافتراضي', 69, '333تم معالجة المسار الافتراضي'),
(766, 'الإقليم الأوسط (فلترة & تحليل)', 'إسناد_بعد_الفلترة_موثق', 'تم معالجة بطاقة الخط', 69, '334تم معالجة بطاقة الخط'),
(767, 'الإقليم الأوسط (فلترة & تحليل)', 'إسناد_بعد_الفلترة_موثق', 'تم معالجة تحديث هواتف الاتصال', 69, '335تم معالجة تحديث هواتف الاتصال'),
(768, 'الإقليم الأوسط (فلترة & تحليل)', 'إسناد_بعد_الفلترة_موثق', 'تم معالجة رقم الخدمة', 69, '336تم معالجة رقم الخدمة'),
(769, 'الإقليم الأوسط (فلترة & تحليل)', 'إسناد_بعد_الفلترة_موثق', 'تم معالجة مدة العقد', 69, '337تم معالجة مدة العقد'),
(770, 'الإقليم الأوسط (فلترة & تحليل)', 'إسناد_بعد_الفلترة_موثق', 'وجد مطابق', 69, '338وجد مطابق'),
(771, 'الإقليم الأوسط (فلترة & تحليل)', 'إسناد_بعد_الفلترة_موثق', 'الامر سليم ولم يرحل  اليا من MED Automatin', 69, '339الامر سليم ولم يرحل  اليا من MED Automatin'),
(772, 'الإقليم الأوسط (فلترة & تحليل)', 'إسناد_بعد_الفلترة_موثق', 'عدم اكتمال بنود الخدمة MED Automation', 69, '340عدم اكتمال بنود الخدمة MED Automation'),
(773, 'الإقليم الأوسط (فلترة & تحليل)', 'اسناد_FTC_MED_Auto', 'الامر سليم ( مرحل بشكل صحيح ل FTC )', 70, '341الامر سليم ( مرحل بشكل صحيح ل FTC )'),
(774, 'الإقليم الأوسط (فلترة & تحليل)', 'اسناد_FTC_MED_Auto', 'الامر غير مجدول', 70, '342الامر غير مجدول'),
(775, 'الإقليم الأوسط (فلترة & تحليل)', 'اسناد_FTC_MED_Auto', 'الامر مجدول وغير مسند', 70, '343الامر مجدول وغير مسند'),
(776, 'الإقليم الأوسط (فلترة & تحليل)', 'اسناد_FTC_MED_Auto', 'تاريخ الإسناد FTC مطابق الـ WFM **', 70, '344تاريخ الإسناد FTC مطابق الـ WFM **'),
(777, 'الإقليم الأوسط (فلترة & تحليل)', 'اسناد_FTC_MED_Auto', 'تاريخ الإسناد FTCغير مطابق الـWFM تم التصحيح**', 70, '345تاريخ الإسناد FTCغير مطابق الـWFM تم التصحيح**'),
(778, 'الإقليم الأوسط (فلترة & تحليل)', 'اسناد_FTC_MED_Auto', 'تحديث موعد الاسناد الى تاريخ اقرب', 70, '346تحديث موعد الاسناد الى تاريخ اقرب'),
(779, 'الإقليم الأوسط (فلترة & تحليل)', 'اسناد_FTC_MED_Auto', 'ترحيل المسند FTC حسب الموعد**', 70, '347ترحيل المسند FTC حسب الموعد**'),
(780, 'الإقليم الأوسط (فلترة & تحليل)', 'اسناد_FTC_MED_Auto', 'تم معالجة البنود', 70, '348تم معالجة البنود'),
(781, 'الإقليم الأوسط (فلترة & تحليل)', 'اسناد_FTC_MED_Auto', 'تم معالجة بطاقة الـخط', 70, '349تم معالجة بطاقة الـخط'),
(782, 'الإقليم الأوسط (فلترة & تحليل)', 'اسناد_FTC_MED_Auto', 'تم معالجة تحديث هواتف الاتصال', 70, '350تم معالجة تحديث هواتف الاتصال'),
(783, 'الإقليم الأوسط (فلترة & تحليل)', 'اسناد_FTC_MED_Auto', 'تم معالجة رقم الخدمة', 70, '351تم معالجة رقم الخدمة'),
(784, 'الإقليم الأوسط (فلترة & تحليل)', 'حجب_FTC_MED_Auto', 'اشارة افاق ضعيفة من المقسم', 71, '352اشارة افاق ضعيفة من المقسم'),
(785, 'الإقليم الأوسط (فلترة & تحليل)', 'حجب_FTC_MED_Auto', 'الأمرغير مستخدم يحتاج إعادة تأسيس', 71, '353الأمرغير مستخدم يحتاج إعادة تأسيس');
INSERT INTO `main_main_main` (`sern1`, `egra`, `bacus`, `bacus1`, `id_2`, `codeCode`) VALUES
(786, 'الإقليم الأوسط (فلترة & تحليل)', 'حجب_FTC_MED_Auto', 'البيانات غير مبنية بالنظام', 71, '354البيانات غير مبنية بالنظام'),
(787, 'الإقليم الأوسط (فلترة & تحليل)', 'حجب_FTC_MED_Auto', 'الخدمة مركبة لدى العميل (إستكمال الأمر)', 71, '355الخدمة مركبة لدى العميل (إستكمال الأمر)'),
(788, 'الإقليم الأوسط (فلترة & تحليل)', 'حجب_FTC_MED_Auto', 'الكيبل مقطوع', 71, '356الكيبل مقطوع'),
(789, 'الإقليم الأوسط (فلترة & تحليل)', 'حجب_FTC_MED_Auto', 'الموقع غير مخدوم بعلبة DP/TB', 71, '357الموقع غير مخدوم بعلبة DP/TB'),
(790, 'الإقليم الأوسط (فلترة & تحليل)', 'حجب_FTC_MED_Auto', 'الموقع مخدوم بالشبكة الأرضية', 71, '358الموقع مخدوم بالشبكة الأرضية'),
(791, 'الإقليم الأوسط (فلترة & تحليل)', 'حجب_FTC_MED_Auto', 'الموقع يحتاج تركيب سلك خدمة BSW', 71, '359الموقع يحتاج تركيب سلك خدمة BSW'),
(792, 'الإقليم الأوسط (فلترة & تحليل)', 'حجب_FTC_MED_Auto', 'أمر مكرر (لم يطلبه العميل)', 71, '360أمر مكرر (لم يطلبه العميل)'),
(793, 'الإقليم الأوسط (فلترة & تحليل)', 'حجب_FTC_MED_Auto', 'أوامر منزوعة الجمبرة', 71, '361أوامر منزوعة الجمبرة'),
(794, 'الإقليم الأوسط (فلترة & تحليل)', 'حجب_FTC_MED_Auto', 'إيقاف بطلب منافذ البيع', 71, '362إيقاف بطلب منافذ البيع'),
(795, 'الإقليم الأوسط (فلترة & تحليل)', 'حجب_FTC_MED_Auto', 'عدم توفر برايمري', 71, '363عدم توفر برايمري'),
(796, 'الإقليم الأوسط (فلترة & تحليل)', 'حجب_FTC_MED_Auto', 'عدم توفر بورت', 71, '364عدم توفر بورت'),
(797, 'الإقليم الأوسط (فلترة & تحليل)', 'حجب_FTC_MED_Auto', 'عدم توفر توصيلة', 71, '365عدم توفر توصيلة'),
(798, 'الإقليم الأوسط (فلترة & تحليل)', 'حجب_FTC_MED_Auto', 'عدم توفر رقم خدمة', 71, '366عدم توفر رقم خدمة'),
(799, 'الإقليم الأوسط (فلترة & تحليل)', 'حجب_FTC_MED_Auto', 'لا يقبل إضافة البنود', 71, '367لا يقبل إضافة البنود'),
(800, 'الإقليم الأوسط (فلترة & تحليل)', 'حجب_FTC_MED_Auto', 'لا يقبل صرف رقم خدمة', 71, '368لا يقبل صرف رقم خدمة'),
(801, 'الإقليم الأوسط (فلترة & تحليل)', 'حجب_FTC_MED_Auto', 'لا يوجد مسار افتراضي', 71, '369لا يوجد مسار افتراضي'),
(802, 'الإقليم الأوسط (فلترة & تحليل)', 'حجب_FTC_MED_Auto', 'يحتاج تحديث الشبكة الداخلية/الخارجية', 71, '370يحتاج تحديث الشبكة الداخلية/الخارجية'),
(803, 'الإقليم الأوسط (فلترة & تحليل)', 'حجب_FTC_MED_Auto', 'يحتاج تصحيح أمر الخدمة', 71, '371يحتاج تصحيح أمر الخدمة'),
(804, 'الإقليم الأوسط (فلترة & تحليل)', 'ترحيل_للجدولة_والاتصال', 'تم معالجة البنود', 72, '372تم معالجة البنود'),
(805, 'الإقليم الأوسط (فلترة & تحليل)', 'ترحيل_للجدولة_والاتصال', 'تم معالجة الخطة التسعيرية', 72, '373تم معالجة الخطة التسعيرية'),
(806, 'الإقليم الأوسط (فلترة & تحليل)', 'ترحيل_للجدولة_والاتصال', 'تم معالجة بطاقــة الـخط', 72, '374تم معالجة بطاقــة الـخط'),
(807, 'الإقليم الأوسط (فلترة & تحليل)', 'ترحيل_للجدولة_والاتصال', 'تم معالجة تحديث هواتف الاتصال', 72, '375تم معالجة تحديث هواتف الاتصال'),
(808, 'الإقليم الأوسط (فلترة & تحليل)', 'ترحيل_للجدولة_والاتصال', 'تم معالجة رقم الخدمة', 72, '376تم معالجة رقم الخدمة'),
(809, 'الإقليم الأوسط (فلترة & تحليل)', 'ترحيل_للجدولة_والاتصال', 'تم معالجة مدة العقد', 72, '377تم معالجة مدة العقد'),
(810, 'الإقليم الأوسط (فلترة & تحليل)', 'ترحيل_للجدولة_والاتصال', 'مخلوف 1 xx غير مفلترة xx من إبداع', 72, '378مخلوف 1 xx غير مفلترة xx من إبداع'),
(811, 'الإقليم الأوسط (فلترة & تحليل)', 'ترحيل_للجدولة_والاتصال', 'مخلوف 1 مفلترة من إبداع', 72, '379مخلوف 1 مفلترة من إبداع'),
(812, 'الإقليم الأوسط (فلترة & تحليل)', 'ترحيل_للجدولة_والاتصال', 'للتواصل والتأكد من رغبه العميل', 72, '380للتواصل والتأكد من رغبه العميل'),
(813, 'الإقليم الأوسط (فلترة & تحليل)', 'ترحيل_للجدولة_والاتصال', 'مخلوف 2 < # مكرر', 72, '381مخلوف 2 < # مكرر'),
(814, 'الإقليم الأوسط (فلترة & تحليل)', 'ترحيل_للجدولة_والاتصال', 'وجد مطابق', 72, '382وجد مطابق'),
(815, 'الإقليم الأوسط (فلترة & تحليل)', 'ترحيل_للجدولة_والاتصال', 'يحتاج تحديد الباقة المطلوبة مع العميل', 72, '383يحتاج تحديد الباقة المطلوبة مع العميل'),
(816, 'الإقليم الأوسط (فلترة & تحليل)', 'ترحيل_للجدولة_والاتصال', 'يحتاج تحديد مدة العقد مع العميل', 72, '384يحتاج تحديد مدة العقد مع العميل'),
(817, 'الإقليم الأوسط (فلترة & تحليل)', 'ترحيل_للجدولة_والاتصال', 'يحتاج مطابقة بيانات اللوحة المعدنية مع العميل', 72, '385يحتاج مطابقة بيانات اللوحة المعدنية مع العميل'),
(818, 'الإقليم الأوسط (فلترة & تحليل)', 'تدقيق_جاسبر_متجاوز_JNC_FTC_D24_CDK', 'الحجب صحيح', 73, '386الحجب صحيح'),
(819, 'الإقليم الأوسط (فلترة & تحليل)', 'تدقيق_جاسبر_متجاوز_JNC_FTC_D24_CDK', 'الحجب يحتاج لتوضيح', 73, '387الحجب يحتاج لتوضيح'),
(820, 'الإقليم الأوسط (فلترة & تحليل)', 'تدقيق_جاسبر_متجاوز_JNC_FTC_D24_CDK', 'العميل تراجع عن الإلغاء', 73, '389العميل تراجع عن الإلغاء'),
(821, 'الإقليم الأوسط (فلترة & تحليل)', 'تدقيق_جاسبر_متجاوز_JNC_FTC_D24_CDK', 'تأجيل الإسناد D24 ساعة غير متاح في الـWFM', 73, '390تأجيل الإسناد D24 ساعة غير متاح في الـWFM'),
(822, 'الإقليم الأوسط (فلترة & تحليل)', 'تدقيق_جاسبر_متجاوز_JNC_FTC_D24_CDK', 'تأجيل الإسناد D24 ساعة متاح في الـWFM', 73, '391تأجيل الإسناد D24 ساعة متاح في الـWFM'),
(823, 'الإقليم الأوسط (فلترة & تحليل)', 'تدقيق_جاسبر_متجاوز_JNC_FTC_D24_CDK', 'تاريخ الإسناد FTC مطابق الـ WFM **', 73, '392تاريخ الإسناد FTC مطابق الـ WFM **'),
(824, 'الإقليم الأوسط (فلترة & تحليل)', 'تدقيق_جاسبر_متجاوز_JNC_FTC_D24_CDK', 'تاريخ الإسناد FTCغير مطابق الـWFM تم التصحيح**', 73, '393تاريخ الإسناد FTCغير مطابق الـWFM تم التصحيح**'),
(825, 'الإقليم الأوسط (فلترة & تحليل)', 'تدقيق_جاسبر_متجاوز_JNC_FTC_D24_CDK', 'ترحيل المسند FTC حسب الموعد**', 73, '394ترحيل المسند FTC حسب الموعد**'),
(826, 'الإقليم الأوسط (فلترة & تحليل)', 'تدقيق_جاسبر_متجاوز_JNC_FTC_D24_CDK', 'ترحيل الى GRA للجدولة', 73, '395ترحيل الى GRA للجدولة'),
(827, 'الإقليم الأوسط (فلترة & تحليل)', 'تدقيق_جاسبر_متجاوز_JNC_FTC_D24_CDK', 'ترحيل الى MWI', 73, '396ترحيل الى MWI'),
(828, 'الإقليم الأوسط (فلترة & تحليل)', 'تدقيق_جاسبر_متجاوز_JNC_FTC_D24_CDK', 'ترحيل للتواصل ( caw & cka )', 73, '397ترحيل للتواصل ( caw & cka )'),
(829, 'الإقليم الأوسط (فلترة & تحليل)', 'تدقيق_جاسبر_متجاوز_JNC_FTC_D24_CDK', 'جدولة الـGRA غير ناجحة (GE1-GRA)', 73, '398جدولة الـGRA غير ناجحة (GE1-GRA)'),
(830, 'الإقليم الأوسط (فلترة & تحليل)', 'تدقيق_جاسبر_متجاوز_JNC_FTC_D24_CDK', 'فائض إسناد المنطقة يحتاج أعتذار وتجديد الموعد', 73, '397فائض إسناد المنطقة يحتاج أعتذار وتجديد الموعد'),
(831, 'الإقليم الأوسط (فلترة & تحليل)', 'تدقيق_جاسبر_متجاوز_JNC_FTC_D24_CDK', 'حذف منضدة المسند خارج مراحل التركيب', 73, '398حذف منضدة المسند خارج مراحل التركيب'),
(832, 'الإقليم الأوسط (فلترة & تحليل)', 'تدقيق_جاسبر_متجاوز_JNC_FTC_D24_CDK', 'لم يتم مرور الأمر لمرحلة AC', 73, '399لم يتم مرور الأمر لمرحلة AC'),
(833, 'الإقليم الأوسط (فلترة & تحليل)', 'تدقيق_جاسبر_متجاوز_JNC_FTC_D24_CDK', 'لم ينجح إرسال أسم المستخدم ورحل للـAC', 73, '400لم ينجح إرسال أسم المستخدم ورحل للـAC'),
(834, 'الإقليم الأوسط (فلترة & تحليل)', 'تحليل الأوامر المسندة والتي لا تزال في ابداع', 'لايوجد', 74, '401لايوجد'),
(835, 'الإقليم الأوسط (فلترة & تحليل)', 'تحليل مكرر الاسناد', 'لايوجد', 75, '401لايوجد'),
(836, 'الإقليم الأوسط (فلترة & تحليل)', 'تحليل متجاوز 30 يوم', 'لايوجد', 76, '401لايوجد'),
(837, 'الإقليم الأوسط (فلترة & تحليل)', 'تحليل المسند ولم يخصص له فني بالمناطق', 'لايوجد', 77, '401لايوجد'),
(838, 'الإقليم الأوسط (فلترة & تحليل)', 'تحليل المخصص للفني ولم يتخذ فيه اجراء', 'لايوجد', 78, '401لايوجد'),
(839, 'الإقليم الأوسط (فلترة & تحليل)', 'تحليل الرجيع الصباحي لكود لا يرد', 'لايوجد', 79, '401لايوجد'),
(840, 'الإقليم الأوسط (فلترة & تحليل)', 'الشكاوي والملاحظات الأخرى', 'لايوجد', 80, '401لايوجد');

-- --------------------------------------------------------

--
-- Table structure for table `microst`
--

CREATE TABLE `microst` (
  `Num_ord` varchar(9) CHARACTER SET utf8 NOT NULL,
  `B` varchar(60) COLLATE utf8_unicode_ci DEFAULT NULL,
  `C` varchar(60) COLLATE utf8_unicode_ci DEFAULT NULL,
  `D` varchar(60) COLLATE utf8_unicode_ci DEFAULT NULL,
  `E` varchar(60) COLLATE utf8_unicode_ci DEFAULT NULL,
  `F` varchar(60) COLLATE utf8_unicode_ci DEFAULT NULL,
  `G` varchar(60) COLLATE utf8_unicode_ci DEFAULT NULL,
  `H` varchar(60) COLLATE utf8_unicode_ci DEFAULT NULL,
  `I` varchar(60) COLLATE utf8_unicode_ci DEFAULT NULL,
  `J` varchar(60) COLLATE utf8_unicode_ci DEFAULT NULL,
  `K` varchar(60) COLLATE utf8_unicode_ci DEFAULT NULL,
  `L` varchar(60) COLLATE utf8_unicode_ci DEFAULT NULL,
  `M` varchar(60) COLLATE utf8_unicode_ci DEFAULT NULL,
  `N` varchar(60) COLLATE utf8_unicode_ci DEFAULT NULL,
  `O` varchar(60) COLLATE utf8_unicode_ci DEFAULT NULL,
  `P` varchar(60) COLLATE utf8_unicode_ci DEFAULT NULL,
  `Q` varchar(60) COLLATE utf8_unicode_ci DEFAULT NULL,
  `R` varchar(60) COLLATE utf8_unicode_ci DEFAULT NULL,
  `S` varchar(60) COLLATE utf8_unicode_ci DEFAULT NULL,
  `T` varchar(60) COLLATE utf8_unicode_ci DEFAULT NULL,
  `U` varchar(60) COLLATE utf8_unicode_ci DEFAULT NULL,
  `V` varchar(60) COLLATE utf8_unicode_ci DEFAULT NULL,
  `W` varchar(60) COLLATE utf8_unicode_ci DEFAULT NULL,
  `X` varchar(60) COLLATE utf8_unicode_ci DEFAULT NULL,
  `Y` varchar(60) COLLATE utf8_unicode_ci DEFAULT NULL,
  `Z` varchar(60) COLLATE utf8_unicode_ci DEFAULT NULL,
  `AA` varchar(60) COLLATE utf8_unicode_ci DEFAULT NULL,
  `AB` varchar(50) COLLATE utf8_unicode_ci DEFAULT NULL,
  `AC` varchar(50) COLLATE utf8_unicode_ci DEFAULT NULL,
  `AD` varchar(50) COLLATE utf8_unicode_ci DEFAULT NULL,
  `AE` varchar(50) COLLATE utf8_unicode_ci DEFAULT NULL,
  `AF` varchar(50) COLLATE utf8_unicode_ci DEFAULT NULL,
  `AG` varchar(50) COLLATE utf8_unicode_ci DEFAULT NULL,
  `AH` varchar(50) COLLATE utf8_unicode_ci DEFAULT NULL
) ENGINE=InnoDB DEFAULT CHARSET=utf8 COLLATE=utf8_unicode_ci;

-- --------------------------------------------------------

--
-- Table structure for table `network`
--

CREATE TABLE `network` (
  `A` varchar(20) COLLATE utf8_unicode_ci DEFAULT NULL
) ENGINE=InnoDB DEFAULT CHARSET=utf8 COLLATE=utf8_unicode_ci;

--
-- Dumping data for table `network`
--

INSERT INTO `network` (`A`) VALUES
('Copper'),
('FTTH'),
('Jawwy'),
('Wireless');

-- --------------------------------------------------------

--
-- Table structure for table `pasfa`
--

CREATE TABLE `pasfa` (
  `userrname` int(6) NOT NULL,
  `upassword` varchar(10) DEFAULT NULL,
  `name` varchar(37) CHARACTER SET utf8 COLLATE utf8_unicode_ci DEFAULT NULL,
  `userType` text,
  `userDiv` varchar(30) DEFAULT NULL,
  `level1` varchar(20) DEFAULT NULL,
  `level2` varchar(20) DEFAULT NULL,
  `level3` varchar(20) DEFAULT NULL,
  `level4` varchar(20) DEFAULT NULL,
  `district1` varchar(20) DEFAULT NULL,
  `district2` varchar(20) DEFAULT NULL,
  `district3` varchar(20) DEFAULT NULL,
  `district4` varchar(20) DEFAULT NULL,
  `district5` varchar(20) DEFAULT NULL,
  `district6` varchar(20) DEFAULT NULL,
  `district7` varchar(20) DEFAULT NULL,
  `district8` varchar(20) DEFAULT NULL,
  `district9` varchar(20) DEFAULT NULL,
  `net1` varchar(40) DEFAULT NULL,
  `net2` varchar(40) DEFAULT NULL,
  `net3` varchar(40) DEFAULT NULL,
  `net4` varchar(40) DEFAULT NULL
) ENGINE=InnoDB DEFAULT CHARSET=utf8;

--
-- Dumping data for table `pasfa`
--

INSERT INTO `pasfa` (`userrname`, `upassword`, `name`, `userType`, `userDiv`, `level1`, `level2`, `level3`, `level4`, `district1`, `district2`, `district3`, `district4`, `district5`, `district6`, `district7`, `district8`, `district9`, `net1`, `net2`, `net3`, `net4`) VALUES
(1109, '1109', 'عبدالعزيز كنعان عبدالعزيز الكنعان', NULL, NULL, NULL, NULL, NULL, NULL, NULL, NULL, NULL, NULL, NULL, NULL, NULL, NULL, NULL, NULL, NULL, NULL, NULL),
(1110, '1110', 'عبدالعزيز عبدالباقي ناصر النعيم', NULL, NULL, NULL, NULL, NULL, NULL, NULL, NULL, NULL, NULL, NULL, NULL, NULL, NULL, NULL, NULL, NULL, NULL, NULL),
(1112, '1112', 'عبدالعزيز ابراهيم أحمد السنين', NULL, NULL, NULL, NULL, NULL, NULL, NULL, NULL, NULL, NULL, NULL, NULL, NULL, NULL, NULL, NULL, NULL, NULL, NULL),
(1132, '1132', 'عبدالله خالد عبدالله العبود', NULL, NULL, NULL, NULL, NULL, NULL, NULL, NULL, NULL, NULL, NULL, NULL, NULL, NULL, NULL, NULL, NULL, NULL, NULL),
(1138, '1138', 'عبدالله محمد عبدالله النعيم', NULL, NULL, NULL, NULL, NULL, NULL, NULL, NULL, NULL, NULL, NULL, NULL, NULL, NULL, NULL, NULL, NULL, NULL, NULL),
(1144, '1144', 'عبدالله صالح عبدالله الوصيفر', NULL, NULL, NULL, NULL, NULL, NULL, NULL, NULL, NULL, NULL, NULL, NULL, NULL, NULL, NULL, NULL, NULL, NULL, NULL),
(1152, '1152', 'عبدالرحمن صالح أحمد بوطيبان', NULL, NULL, NULL, NULL, NULL, NULL, NULL, NULL, NULL, NULL, NULL, NULL, NULL, NULL, NULL, NULL, NULL, NULL, NULL),
(1153, '1153', 'عبدالرحمن يوسف محمد البريك', NULL, NULL, NULL, NULL, NULL, NULL, NULL, NULL, NULL, NULL, NULL, NULL, NULL, NULL, NULL, NULL, NULL, NULL, NULL),
(1156, '1156', 'ابوبكر محمود أيوب السر', NULL, NULL, NULL, NULL, NULL, NULL, NULL, NULL, NULL, NULL, NULL, NULL, NULL, NULL, NULL, NULL, NULL, NULL, NULL),
(1162, '1162', 'احمد خيري طه الطوخي', NULL, NULL, NULL, NULL, NULL, NULL, NULL, NULL, NULL, NULL, NULL, NULL, NULL, NULL, NULL, NULL, NULL, NULL, NULL),
(1164, '1164', 'احمد عبدالله عيسى السويدان', NULL, NULL, NULL, NULL, NULL, NULL, NULL, NULL, NULL, NULL, NULL, NULL, NULL, NULL, NULL, NULL, NULL, NULL, NULL),
(1168, '1168', 'احمد ابراهيم أحمد السنين', NULL, NULL, NULL, NULL, NULL, NULL, NULL, NULL, NULL, NULL, NULL, NULL, NULL, NULL, NULL, NULL, NULL, NULL, NULL),
(1170, '1170', 'احمد خالد احمد الهبوب', NULL, NULL, NULL, NULL, NULL, NULL, NULL, NULL, NULL, NULL, NULL, NULL, NULL, NULL, NULL, NULL, NULL, NULL, NULL),
(1173, '1173', 'احمد محمد هاشم علي', NULL, NULL, NULL, NULL, NULL, NULL, NULL, NULL, NULL, NULL, NULL, NULL, NULL, NULL, NULL, NULL, NULL, NULL, NULL),
(1176, '1176', 'احمد محمد فهمي بيومي', NULL, NULL, NULL, NULL, NULL, NULL, NULL, NULL, NULL, NULL, NULL, NULL, NULL, NULL, NULL, NULL, NULL, NULL, NULL),
(1178, '1178', 'احمد سعد أحمد بو جليع', NULL, NULL, NULL, NULL, NULL, NULL, NULL, NULL, NULL, NULL, NULL, NULL, NULL, NULL, NULL, NULL, NULL, NULL, NULL),
(1183, '1183', 'احمد يوسف عبدالعزيز الزامل', NULL, NULL, NULL, NULL, NULL, NULL, NULL, NULL, NULL, NULL, NULL, NULL, NULL, NULL, NULL, NULL, NULL, NULL, NULL),
(1197, '1197', 'عامر رشدي خليل مصلح', NULL, NULL, NULL, NULL, NULL, NULL, NULL, NULL, NULL, NULL, NULL, NULL, NULL, NULL, NULL, NULL, NULL, NULL, NULL),
(1201, '1201', 'اشرف عزالدين الماضي', NULL, NULL, NULL, NULL, NULL, NULL, NULL, NULL, NULL, NULL, NULL, NULL, NULL, NULL, NULL, NULL, NULL, NULL, NULL),
(1218, '1218', 'ضياء عز الدين حيدر الماضي', NULL, NULL, NULL, NULL, NULL, NULL, NULL, NULL, NULL, NULL, NULL, NULL, NULL, NULL, NULL, NULL, NULL, NULL, NULL),
(1235, '1235', 'فايز ابراهيم عبدالله المسيب', NULL, NULL, NULL, NULL, NULL, NULL, NULL, NULL, NULL, NULL, NULL, NULL, NULL, NULL, NULL, NULL, NULL, NULL, NULL),
(1252, '1252', 'حسن عصام هدى', NULL, NULL, NULL, NULL, NULL, NULL, NULL, NULL, NULL, NULL, NULL, NULL, NULL, NULL, NULL, NULL, NULL, NULL, NULL),
(1257, '1257', 'ابراهيم عبدالعزيزعبداللطيف العديل', NULL, NULL, NULL, NULL, NULL, NULL, NULL, NULL, NULL, NULL, NULL, NULL, NULL, NULL, NULL, NULL, NULL, NULL, NULL),
(1258, '1258', 'ابراهيم عبدالله إبراهيم الخميس', NULL, NULL, NULL, NULL, NULL, NULL, NULL, NULL, NULL, NULL, NULL, NULL, NULL, NULL, NULL, NULL, NULL, NULL, NULL),
(1260, '1260', 'ابراهيم خليل إبراهيم السريهيد', NULL, NULL, NULL, NULL, NULL, NULL, NULL, NULL, NULL, NULL, NULL, NULL, NULL, NULL, NULL, NULL, NULL, NULL, NULL),
(1262, '1262', 'ابراهيم صالح ابراهيم البرجس', NULL, NULL, NULL, NULL, NULL, NULL, NULL, NULL, NULL, NULL, NULL, NULL, NULL, NULL, NULL, NULL, NULL, NULL, NULL),
(1266, '1266', 'اسلام عزالدين حيدر ماضي', NULL, NULL, NULL, NULL, NULL, NULL, NULL, NULL, NULL, NULL, NULL, NULL, NULL, NULL, NULL, NULL, NULL, NULL, NULL),
(1267, '1267', 'عيسى يوسف محمد المرشد', NULL, NULL, NULL, NULL, NULL, NULL, NULL, NULL, NULL, NULL, NULL, NULL, NULL, NULL, NULL, NULL, NULL, NULL, NULL),
(1273, '1273', 'خالد محمد عبدالله المسيب', NULL, NULL, NULL, NULL, NULL, NULL, NULL, NULL, NULL, NULL, NULL, NULL, NULL, NULL, NULL, NULL, NULL, NULL, NULL),
(1308, '1308', 'محمد الدقيل حامد محمد', NULL, NULL, NULL, NULL, NULL, NULL, NULL, NULL, NULL, NULL, NULL, NULL, NULL, NULL, NULL, NULL, NULL, NULL, NULL),
(1310, '1310', 'محمد عوض القفيل', NULL, NULL, NULL, NULL, NULL, NULL, NULL, NULL, NULL, NULL, NULL, NULL, NULL, NULL, NULL, NULL, NULL, NULL, NULL),
(1313, '1313', 'محمد خالد المشعل', NULL, NULL, NULL, NULL, NULL, NULL, NULL, NULL, NULL, NULL, NULL, NULL, NULL, NULL, NULL, NULL, NULL, NULL, NULL),
(1319, '1319', 'محمد عبدالعزيز ابراهيم البطاط', NULL, NULL, NULL, NULL, NULL, NULL, NULL, NULL, NULL, NULL, NULL, NULL, NULL, NULL, NULL, NULL, NULL, NULL, NULL),
(1321, '1321', 'محمد عبدالعزيز محمد الزويمل', NULL, NULL, NULL, NULL, NULL, NULL, NULL, NULL, NULL, NULL, NULL, NULL, NULL, NULL, NULL, NULL, NULL, NULL, NULL),
(1322, '1322', 'محمد عبدالله إبراهيم البريه', NULL, NULL, NULL, NULL, NULL, NULL, NULL, NULL, NULL, NULL, NULL, NULL, NULL, NULL, NULL, NULL, NULL, NULL, NULL),
(1334, '1334', 'محمد حسين حسين الحباره', NULL, NULL, NULL, NULL, NULL, NULL, NULL, NULL, NULL, NULL, NULL, NULL, NULL, NULL, NULL, NULL, NULL, NULL, NULL),
(1335, '1335', 'محمد محمود أيوب السر', NULL, NULL, NULL, NULL, NULL, NULL, NULL, NULL, NULL, NULL, NULL, NULL, NULL, NULL, NULL, NULL, NULL, NULL, NULL),
(1340, '1340', 'محمد تركي راضي الدوسري', NULL, NULL, NULL, NULL, NULL, NULL, NULL, NULL, NULL, NULL, NULL, NULL, NULL, NULL, NULL, NULL, NULL, NULL, NULL),
(1362, '1362', 'عمر عبدالله عبدالعزيز الحسين', NULL, NULL, NULL, NULL, NULL, NULL, NULL, NULL, NULL, NULL, NULL, NULL, NULL, NULL, NULL, NULL, NULL, NULL, NULL),
(1366, '1366', 'اسامه شاكر سليمان الناصر', NULL, NULL, NULL, NULL, NULL, NULL, NULL, NULL, NULL, NULL, NULL, NULL, NULL, NULL, NULL, NULL, NULL, NULL, NULL),
(1370, '1370', 'رافت محمد العلي', NULL, NULL, NULL, NULL, NULL, NULL, NULL, NULL, NULL, NULL, NULL, NULL, NULL, NULL, NULL, NULL, NULL, NULL, NULL),
(1371, '1371', 'ربيع مصطفى شعبان', NULL, NULL, NULL, NULL, NULL, NULL, NULL, NULL, NULL, NULL, NULL, NULL, NULL, NULL, NULL, NULL, NULL, NULL, NULL),
(1374, '1374', 'رائد علي محمد وادي', NULL, NULL, NULL, NULL, NULL, NULL, NULL, NULL, NULL, NULL, NULL, NULL, NULL, NULL, NULL, NULL, NULL, NULL, NULL),
(1418, '1418', 'طارق محمد زياد منيه', NULL, NULL, NULL, NULL, NULL, NULL, NULL, NULL, NULL, NULL, NULL, NULL, NULL, NULL, NULL, NULL, NULL, NULL, NULL),
(1424, '1424', 'وليد محمد موسى الحسن', NULL, NULL, NULL, NULL, NULL, NULL, NULL, NULL, NULL, NULL, NULL, NULL, NULL, NULL, NULL, NULL, NULL, NULL, NULL),
(1429, '1429', 'ياسر علي عبدالله البراهيم', NULL, NULL, NULL, NULL, NULL, NULL, NULL, NULL, NULL, NULL, NULL, NULL, NULL, NULL, NULL, NULL, NULL, NULL, NULL),
(1436, '1436', 'يوسف هاشم محمد الهسي', NULL, NULL, NULL, NULL, NULL, NULL, NULL, NULL, NULL, NULL, NULL, NULL, NULL, NULL, NULL, NULL, NULL, NULL, NULL),
(1651, '1651', 'بكر عمر محمد حمدان', NULL, NULL, NULL, NULL, NULL, NULL, NULL, NULL, NULL, NULL, NULL, NULL, NULL, NULL, NULL, NULL, NULL, NULL, NULL),
(2194, '2194', 'فايز محمد ادريس', NULL, NULL, NULL, NULL, NULL, NULL, NULL, NULL, NULL, NULL, NULL, NULL, NULL, NULL, NULL, NULL, NULL, NULL, NULL),
(2195, '2195', 'حمد ابراهيم البوحميدة', NULL, NULL, NULL, NULL, NULL, NULL, NULL, NULL, NULL, NULL, NULL, NULL, NULL, NULL, NULL, NULL, NULL, NULL, NULL),
(2196, '2196', 'عبدالله صالح الخليفه', NULL, NULL, NULL, NULL, NULL, NULL, NULL, NULL, NULL, NULL, NULL, NULL, NULL, NULL, NULL, NULL, NULL, NULL, NULL),
(2197, '2197', 'محمد خلف الله محمد عباس', NULL, NULL, NULL, NULL, NULL, NULL, NULL, NULL, NULL, NULL, NULL, NULL, NULL, NULL, NULL, NULL, NULL, NULL, NULL),
(2199, '2199', 'محمد سالم عبدالطيف المستحى', NULL, NULL, NULL, NULL, NULL, NULL, NULL, NULL, NULL, NULL, NULL, NULL, NULL, NULL, NULL, NULL, NULL, NULL, NULL),
(2201, '2201', 'سالم عبدالله الميدنى', NULL, NULL, NULL, NULL, NULL, NULL, NULL, NULL, NULL, NULL, NULL, NULL, NULL, NULL, NULL, NULL, NULL, NULL, NULL),
(2202, '2202', 'ايمن عبدالرحمن عبدالطيف العيد', NULL, NULL, NULL, NULL, NULL, NULL, NULL, NULL, NULL, NULL, NULL, NULL, NULL, NULL, NULL, NULL, NULL, NULL, NULL),
(2203, '2203', 'ثامر يعقوب السهيل', NULL, NULL, NULL, NULL, NULL, NULL, NULL, NULL, NULL, NULL, NULL, NULL, NULL, NULL, NULL, NULL, NULL, NULL, NULL),
(2204, '2204', 'انس عبدالله محمد المفتاح', NULL, NULL, NULL, NULL, NULL, NULL, NULL, NULL, NULL, NULL, NULL, NULL, NULL, NULL, NULL, NULL, NULL, NULL, NULL),
(2282, '2282', 'مروان خضير على الخضير', NULL, NULL, NULL, NULL, NULL, NULL, NULL, NULL, NULL, NULL, NULL, NULL, NULL, NULL, NULL, NULL, NULL, NULL, NULL),
(2283, '2283', 'مجاهد محمد عبد الله المسلم', NULL, NULL, NULL, NULL, NULL, NULL, NULL, NULL, NULL, NULL, NULL, NULL, NULL, NULL, NULL, NULL, NULL, NULL, NULL),
(2284, '2284', 'عبدالرحمن يوسف عبدالرحمن الفواز', NULL, NULL, NULL, NULL, NULL, NULL, NULL, NULL, NULL, NULL, NULL, NULL, NULL, NULL, NULL, NULL, NULL, NULL, NULL),
(2926, '2926', 'احمد عبدالله محمد العماني', NULL, NULL, NULL, NULL, NULL, NULL, NULL, NULL, NULL, NULL, NULL, NULL, NULL, NULL, NULL, NULL, NULL, NULL, NULL),
(3089, '3089', 'فيصل عبدالعزيز علي المهناء', NULL, NULL, NULL, NULL, NULL, NULL, NULL, NULL, NULL, NULL, NULL, NULL, NULL, NULL, NULL, NULL, NULL, NULL, NULL),
(3093, '3093', 'عبدالرحمن عادل القادري', NULL, NULL, NULL, NULL, NULL, NULL, NULL, NULL, NULL, NULL, NULL, NULL, NULL, NULL, NULL, NULL, NULL, NULL, NULL),
(3094, '3094', 'فيصل فهد سلمان الصانع', NULL, NULL, NULL, NULL, NULL, NULL, NULL, NULL, NULL, NULL, NULL, NULL, NULL, NULL, NULL, NULL, NULL, NULL, NULL),
(3136, '3136', 'عبدالسلام هشام مصطفى الباكليزي', NULL, NULL, NULL, NULL, NULL, NULL, NULL, NULL, NULL, NULL, NULL, NULL, NULL, NULL, NULL, NULL, NULL, NULL, NULL),
(3870, '3870', 'عبدالله ابراهيم عبدالله الزويمل', NULL, NULL, NULL, NULL, NULL, NULL, NULL, NULL, NULL, NULL, NULL, NULL, NULL, NULL, NULL, NULL, NULL, NULL, NULL),
(3871, '3871', 'عبدالعزيز صالح عبدالعزيز الحسين', NULL, NULL, NULL, NULL, NULL, NULL, NULL, NULL, NULL, NULL, NULL, NULL, NULL, NULL, NULL, NULL, NULL, NULL, NULL),
(4089, '4089', 'عبدالرحمن ابراهيم محمد المفتاح', NULL, NULL, NULL, NULL, NULL, NULL, NULL, NULL, NULL, NULL, NULL, NULL, NULL, NULL, NULL, NULL, NULL, NULL, NULL),
(4091, '4091', 'محمد فهد عبدالعزيز بن ناس', NULL, NULL, NULL, NULL, NULL, NULL, NULL, NULL, NULL, NULL, NULL, NULL, NULL, NULL, NULL, NULL, NULL, NULL, NULL),
(4092, '4092', 'صالح عدنان خليفة الخميس', NULL, NULL, NULL, NULL, NULL, NULL, NULL, NULL, NULL, NULL, NULL, NULL, NULL, NULL, NULL, NULL, NULL, NULL, NULL),
(4093, '4093', 'ماجد عبداللطيف محمد البريك', NULL, NULL, NULL, NULL, NULL, NULL, NULL, NULL, NULL, NULL, NULL, NULL, NULL, NULL, NULL, NULL, NULL, NULL, NULL),
(4356, '4356', 'عبدالله يوسف راشد النوفل', NULL, NULL, NULL, NULL, NULL, NULL, NULL, NULL, NULL, NULL, NULL, NULL, NULL, NULL, NULL, NULL, NULL, NULL, NULL),
(4357, '4357', 'سلمان فيصل محمد الوجيه', NULL, NULL, NULL, NULL, NULL, NULL, NULL, NULL, NULL, NULL, NULL, NULL, NULL, NULL, NULL, NULL, NULL, NULL, NULL),
(4363, '4363', 'ناصر احمد راشد الحمدان', NULL, NULL, NULL, NULL, NULL, NULL, NULL, NULL, NULL, NULL, NULL, NULL, NULL, NULL, NULL, NULL, NULL, NULL, NULL),
(4388, '4388', 'سعد ابراهيم احمد الحميدي', NULL, NULL, NULL, NULL, NULL, NULL, NULL, NULL, NULL, NULL, NULL, NULL, NULL, NULL, NULL, NULL, NULL, NULL, NULL),
(4390, '4390', 'محمد يوسف محمد البريك', NULL, NULL, NULL, NULL, NULL, NULL, NULL, NULL, NULL, NULL, NULL, NULL, NULL, NULL, NULL, NULL, NULL, NULL, NULL),
(4392, '4392', 'عبدالعزيز عبدالرحمن عبدالعزيز المريخي', NULL, NULL, NULL, NULL, NULL, NULL, NULL, NULL, NULL, NULL, NULL, NULL, NULL, NULL, NULL, NULL, NULL, NULL, NULL),
(4415, '4415', 'حسام عبد الخالق أحمد الشيخ', NULL, NULL, NULL, NULL, NULL, NULL, NULL, NULL, NULL, NULL, NULL, NULL, NULL, NULL, NULL, NULL, NULL, NULL, NULL),
(4453, '4453', 'عبدالعزيز خليل الوحيمد', NULL, NULL, NULL, NULL, NULL, NULL, NULL, NULL, NULL, NULL, NULL, NULL, NULL, NULL, NULL, NULL, NULL, NULL, NULL),
(4544, '4544', 'عبدالله ابراهيم احمد الحمادي', NULL, NULL, NULL, NULL, NULL, NULL, NULL, NULL, NULL, NULL, NULL, NULL, NULL, NULL, NULL, NULL, NULL, NULL, NULL),
(4545, '4545', 'محمد عبدالرحمن عبدالعزيز الفرحان', NULL, NULL, NULL, NULL, NULL, NULL, NULL, NULL, NULL, NULL, NULL, NULL, NULL, NULL, NULL, NULL, NULL, NULL, NULL),
(4546, '4546', 'محمد عبدالرحمن محمد الشامي', NULL, NULL, NULL, NULL, NULL, NULL, NULL, NULL, NULL, NULL, NULL, NULL, NULL, NULL, NULL, NULL, NULL, NULL, NULL),
(4547, '4547', 'فارس صالح عبدالرحمن الفارس', NULL, NULL, NULL, NULL, NULL, NULL, NULL, NULL, NULL, NULL, NULL, NULL, NULL, NULL, NULL, NULL, NULL, NULL, NULL),
(4549, '4549', 'عبدالعزيز حمد عبدالله بورسيس', NULL, NULL, NULL, NULL, NULL, NULL, NULL, NULL, NULL, NULL, NULL, NULL, NULL, NULL, NULL, NULL, NULL, NULL, NULL),
(4749, '4749', 'محمد ابراهيم محمد البريك', NULL, NULL, NULL, NULL, NULL, NULL, NULL, NULL, NULL, NULL, NULL, NULL, NULL, NULL, NULL, NULL, NULL, NULL, NULL),
(5033, '5033', 'عبدالمنعم محمد محمد المزيدي', NULL, NULL, NULL, NULL, NULL, NULL, NULL, NULL, NULL, NULL, NULL, NULL, NULL, NULL, NULL, NULL, NULL, NULL, NULL),
(5874, '5874', 'صالح داوود سلمان الرحيمان', NULL, NULL, NULL, NULL, NULL, NULL, NULL, NULL, NULL, NULL, NULL, NULL, NULL, NULL, NULL, NULL, NULL, NULL, NULL),
(5941, '5941', 'عبدالملك محمد عبدالله المحارف', NULL, NULL, NULL, NULL, NULL, NULL, NULL, NULL, NULL, NULL, NULL, NULL, NULL, NULL, NULL, NULL, NULL, NULL, NULL),
(5942, '5942', 'مبارك يوسف محمد الظاعن', NULL, NULL, NULL, NULL, NULL, NULL, NULL, NULL, NULL, NULL, NULL, NULL, NULL, NULL, NULL, NULL, NULL, NULL, NULL),
(6135, '6135', 'خالد محمد ابراهيم الزهراني', NULL, NULL, NULL, NULL, NULL, NULL, NULL, NULL, NULL, NULL, NULL, NULL, NULL, NULL, NULL, NULL, NULL, NULL, NULL),
(6221, '6221', 'احمد نزار السيد النونو', NULL, NULL, NULL, NULL, NULL, NULL, NULL, NULL, NULL, NULL, NULL, NULL, NULL, NULL, NULL, NULL, NULL, NULL, NULL),
(6355, '6355', 'عبدالله يوسف محمد الظاعن', NULL, NULL, NULL, NULL, NULL, NULL, NULL, NULL, NULL, NULL, NULL, NULL, NULL, NULL, NULL, NULL, NULL, NULL, NULL),
(6624, '6624', 'بدر سليمان محمد الصفيان', NULL, NULL, NULL, NULL, NULL, NULL, NULL, NULL, NULL, NULL, NULL, NULL, NULL, NULL, NULL, NULL, NULL, NULL, NULL),
(6997, '6997', 'خالد فيصل البو سعد', NULL, NULL, NULL, NULL, NULL, NULL, NULL, NULL, NULL, NULL, NULL, NULL, NULL, NULL, NULL, NULL, NULL, NULL, NULL),
(7486, '7486', 'عبدالله احمد سعد السعد', NULL, NULL, NULL, NULL, NULL, NULL, NULL, NULL, NULL, NULL, NULL, NULL, NULL, NULL, NULL, NULL, NULL, NULL, NULL),
(7487, '7487', 'فهد محمد فهد المحيسن', NULL, NULL, NULL, NULL, NULL, NULL, NULL, NULL, NULL, NULL, NULL, NULL, NULL, NULL, NULL, NULL, NULL, NULL, NULL),
(7684, '7684', 'منصور محمد عبداللطيف البريك', NULL, NULL, NULL, NULL, NULL, NULL, NULL, NULL, NULL, NULL, NULL, NULL, NULL, NULL, NULL, NULL, NULL, NULL, NULL),
(7916, '7916', 'محمد علي المال الفهيد', NULL, NULL, NULL, NULL, NULL, NULL, NULL, NULL, NULL, NULL, NULL, NULL, NULL, NULL, NULL, NULL, NULL, NULL, NULL),
(8249, '8249', 'ابراهيم عبداللطيف سالم الحبش', NULL, NULL, NULL, NULL, NULL, NULL, NULL, NULL, NULL, NULL, NULL, NULL, NULL, NULL, NULL, NULL, NULL, NULL, NULL),
(8250, '8250', 'عبدالعزيز نصرعبدالرحمن محمد', NULL, NULL, NULL, NULL, NULL, NULL, NULL, NULL, NULL, NULL, NULL, NULL, NULL, NULL, NULL, NULL, NULL, NULL, NULL),
(8251, '8251', 'اسماعيل محمود ايوب السر', NULL, NULL, NULL, NULL, NULL, NULL, NULL, NULL, NULL, NULL, NULL, NULL, NULL, NULL, NULL, NULL, NULL, NULL, NULL),
(8252, '8252', 'سلطان احمد ابراهيم الشعيب', NULL, NULL, NULL, NULL, NULL, NULL, NULL, NULL, NULL, NULL, NULL, NULL, NULL, NULL, NULL, NULL, NULL, NULL, NULL),
(8394, '8394', 'ابراهيم خالد ابراهيم الحيدر', NULL, NULL, NULL, NULL, NULL, NULL, NULL, NULL, NULL, NULL, NULL, NULL, NULL, NULL, NULL, NULL, NULL, NULL, NULL),
(8449, '8449', 'عبدالله صالح سلمان الحرشان', NULL, NULL, NULL, NULL, NULL, NULL, NULL, NULL, NULL, NULL, NULL, NULL, NULL, NULL, NULL, NULL, NULL, NULL, NULL),
(8708, '8708', 'ابراهيم عبدالله عبداللطيف الدحيلان', NULL, NULL, NULL, NULL, NULL, NULL, NULL, NULL, NULL, NULL, NULL, NULL, NULL, NULL, NULL, NULL, NULL, NULL, NULL),
(8710, '8710', 'عماد محمد حسين الرميح', NULL, NULL, NULL, NULL, NULL, NULL, NULL, NULL, NULL, NULL, NULL, NULL, NULL, NULL, NULL, NULL, NULL, NULL, NULL),
(8711, '8711', 'عبدالرحمن يوسف سعد القصيمي', NULL, NULL, NULL, NULL, NULL, NULL, NULL, NULL, NULL, NULL, NULL, NULL, NULL, NULL, NULL, NULL, NULL, NULL, NULL),
(9079, '9079', 'سعد حمد سعد الهلال', NULL, NULL, NULL, NULL, NULL, NULL, NULL, NULL, NULL, NULL, NULL, NULL, NULL, NULL, NULL, NULL, NULL, NULL, NULL),
(9108, '9108', 'احمد محمد العبدالعالي', NULL, NULL, NULL, NULL, NULL, NULL, NULL, NULL, NULL, NULL, NULL, NULL, NULL, NULL, NULL, NULL, NULL, NULL, NULL),
(9128, '9128', 'منصور عادل عبدالله بو بشيت', NULL, NULL, NULL, NULL, NULL, NULL, NULL, NULL, NULL, NULL, NULL, NULL, NULL, NULL, NULL, NULL, NULL, NULL, NULL),
(9913, '9913', 'عبدالعزيز عبدالله مبارك الدوسري', NULL, NULL, NULL, NULL, NULL, NULL, NULL, NULL, NULL, NULL, NULL, NULL, NULL, NULL, NULL, NULL, NULL, NULL, NULL),
(9914, '9914', 'محمد احمد عبدالرحمن العامر', NULL, NULL, NULL, NULL, NULL, NULL, NULL, NULL, NULL, NULL, NULL, NULL, NULL, NULL, NULL, NULL, NULL, NULL, NULL),
(9915, '9915', 'نايف محمد سلمان العبدالرحمن', NULL, NULL, NULL, NULL, NULL, NULL, NULL, NULL, NULL, NULL, NULL, NULL, NULL, NULL, NULL, NULL, NULL, NULL, NULL),
(9931, '9931', 'عبدالعزيز يوسف مبارك الحبش', NULL, NULL, NULL, NULL, NULL, NULL, NULL, NULL, NULL, NULL, NULL, NULL, NULL, NULL, NULL, NULL, NULL, NULL, NULL),
(9950, '9950', 'عبدالمحسن فهد ابراهيم الحماد', NULL, NULL, NULL, NULL, NULL, NULL, NULL, NULL, NULL, NULL, NULL, NULL, NULL, NULL, NULL, NULL, NULL, NULL, NULL),
(9952, '9952', 'عبدالعزيز يوسف عمر المغنم', NULL, NULL, NULL, NULL, NULL, NULL, NULL, NULL, NULL, NULL, NULL, NULL, NULL, NULL, NULL, NULL, NULL, NULL, NULL),
(9954, '9954', 'سامي يوسف محمد العواد', NULL, NULL, NULL, NULL, NULL, NULL, NULL, NULL, NULL, NULL, NULL, NULL, NULL, NULL, NULL, NULL, NULL, NULL, NULL),
(9955, '9955', 'راشد أحمد عبدالله العبد', NULL, NULL, NULL, NULL, NULL, NULL, NULL, NULL, NULL, NULL, NULL, NULL, NULL, NULL, NULL, NULL, NULL, NULL, NULL),
(9956, '9956', 'ماهرعبدالله ابراهيم السيد', NULL, NULL, NULL, NULL, NULL, NULL, NULL, NULL, NULL, NULL, NULL, NULL, NULL, NULL, NULL, NULL, NULL, NULL, NULL),
(9958, '9958', 'عبدالله خليفة ناصر الخاتم', NULL, NULL, NULL, NULL, NULL, NULL, NULL, NULL, NULL, NULL, NULL, NULL, NULL, NULL, NULL, NULL, NULL, NULL, NULL),
(9959, '9959', 'فيصل ابراهيم عبدالرحمن العقيد', NULL, NULL, NULL, NULL, NULL, NULL, NULL, NULL, NULL, NULL, NULL, NULL, NULL, NULL, NULL, NULL, NULL, NULL, NULL),
(9961, '9961', 'احمد هاشم محمد المزيعل', NULL, NULL, NULL, NULL, NULL, NULL, NULL, NULL, NULL, NULL, NULL, NULL, NULL, NULL, NULL, NULL, NULL, NULL, NULL),
(9962, '9962', 'محمد ابراهيم محمد العمير', NULL, NULL, NULL, NULL, NULL, NULL, NULL, NULL, NULL, NULL, NULL, NULL, NULL, NULL, NULL, NULL, NULL, NULL, NULL),
(9980, '9980', 'ابراهيم محمد حمد الدغيم', NULL, NULL, NULL, NULL, NULL, NULL, NULL, NULL, NULL, NULL, NULL, NULL, NULL, NULL, NULL, NULL, NULL, NULL, NULL),
(11190, '11190', 'منتصر محمد عبدالجليل علي', NULL, NULL, NULL, NULL, NULL, NULL, NULL, NULL, NULL, NULL, NULL, NULL, NULL, NULL, NULL, NULL, NULL, NULL, NULL),
(11191, '11191', 'فيصل عوض القفيل', NULL, NULL, NULL, NULL, NULL, NULL, NULL, NULL, NULL, NULL, NULL, NULL, NULL, NULL, NULL, NULL, NULL, NULL, NULL),
(11256, '11256', 'محمد صالح محمد الهبوب', NULL, NULL, NULL, NULL, NULL, NULL, NULL, NULL, NULL, NULL, NULL, NULL, NULL, NULL, NULL, NULL, NULL, NULL, NULL),
(11257, '11257', 'عبدالمجيد محمد علي الخطيب', NULL, NULL, NULL, NULL, NULL, NULL, NULL, NULL, NULL, NULL, NULL, NULL, NULL, NULL, NULL, NULL, NULL, NULL, NULL),
(11258, '11258', 'خلدون سالم احمد الزبيدي', NULL, NULL, NULL, NULL, NULL, NULL, NULL, NULL, NULL, NULL, NULL, NULL, NULL, NULL, NULL, NULL, NULL, NULL, NULL),
(11260, '11260', 'نايف جمعه سيف الوسمي', NULL, NULL, NULL, NULL, NULL, NULL, NULL, NULL, NULL, NULL, NULL, NULL, NULL, NULL, NULL, NULL, NULL, NULL, NULL),
(11261, '11261', 'رامي محمد فهمي بيومي', NULL, NULL, NULL, NULL, NULL, NULL, NULL, NULL, NULL, NULL, NULL, NULL, NULL, NULL, NULL, NULL, NULL, NULL, NULL),
(100995, '12345', 'علي أحمد العلي', 'superV', NULL, NULL, NULL, NULL, NULL, NULL, NULL, NULL, NULL, NULL, NULL, NULL, NULL, NULL, NULL, NULL, NULL, NULL),
(102174, '102174', 'عادل احمد عبدالله بوسبيت', NULL, NULL, NULL, NULL, NULL, NULL, NULL, NULL, NULL, NULL, NULL, NULL, NULL, NULL, NULL, NULL, NULL, NULL, NULL),
(108566, '12345', 'أحمد سمير بوجبارة', 'superV', NULL, NULL, NULL, NULL, NULL, NULL, NULL, NULL, NULL, NULL, NULL, NULL, NULL, NULL, NULL, NULL, NULL, NULL),
(123456, '111111', 'ناصرأحمد البدر', 'superV', NULL, NULL, NULL, NULL, NULL, NULL, NULL, NULL, NULL, NULL, NULL, NULL, NULL, NULL, NULL, NULL, NULL, NULL),
(600907, '600907', 'ابراهيم محمد محمد المزيدى', NULL, NULL, NULL, NULL, NULL, NULL, NULL, NULL, NULL, NULL, NULL, NULL, NULL, NULL, NULL, NULL, NULL, NULL, NULL),
(604155, '604155', 'سعيد خليفه محمد الزويمل', '', NULL, 'OD2', 'CAW', 'FTC', NULL, NULL, NULL, NULL, NULL, NULL, NULL, NULL, NULL, NULL, NULL, NULL, NULL, NULL),
(604244, '604244', 'صالح محمد عبداللطيف البريك', 'superV', NULL, NULL, NULL, NULL, NULL, NULL, NULL, NULL, NULL, NULL, NULL, NULL, NULL, NULL, NULL, NULL, NULL, NULL),
(607591, '607591', 'عبدالعزيز حسن عيسى البريكان', 'admin', NULL, NULL, NULL, NULL, NULL, NULL, NULL, NULL, NULL, NULL, NULL, NULL, NULL, NULL, NULL, NULL, NULL, NULL),
(611693, '611693', 'رياض عبدالله احمد الكنعان', 'admin', 'فريق معالجة المسند و مخلوف الت', 'FTC', 'MST', 'DC', 'CKA', 'Al Ahsa', 'Riyadh City', 'Jeddah City', 'Taif', 'Qassim', 'Al Jubail', 'Northern Border', 'Madina', 'Makkah', 'FTTH', 'Copper', 'Jawwy', 'Wireless'),
(657137, '657137', 'عبدالله محمد ناصر الملحم', 'superV', NULL, NULL, NULL, NULL, NULL, NULL, NULL, NULL, NULL, NULL, NULL, NULL, NULL, NULL, NULL, NULL, NULL, NULL),
(999912, '0000000000', 'صلاح آدم', 'superV', 'فريق دعم الأنظمة', 'ODN', 'OD2', 'CAW', 'MED', 'Madina', 'Makkah', 'Jeddah City', 'Yanbu', NULL, NULL, NULL, NULL, NULL, NULL, NULL, NULL, NULL),
(999991, '050505', 'احمد سمير بوجبارة', 'admin', 'فريق دعم الأنظمة', 'N83', 'N83', 'N83', 'N83', 'Najran', 'Jizan', 'AL Baha', 'Jizan', NULL, NULL, NULL, NULL, NULL, NULL, NULL, NULL, NULL),
(999999, '999999', 'عبدالله أحمد محمد القضيب', '', 'فريق معالجة المسند و مخلوف الت', 'MST', 'DC', 'ODN', 'OD2', 'Al Ahsa', 'Jizan', 'Al Jouf', 'Al Jubail', 'Taif', 'Asir', 'Northern Border', 'Riyadh District', 'Qassim', NULL, NULL, NULL, NULL);

-- --------------------------------------------------------

--
-- Table structure for table `provaof`
--

CREATE TABLE `provaof` (
  `id_1` int(8) NOT NULL,
  `emp_name` varchar(50) CHARACTER SET utf8 NOT NULL,
  `total` int(10) NOT NULL,
  `numOfRep` int(10) NOT NULL,
  `perc` decimal(10,2) NOT NULL
) ENGINE=InnoDB DEFAULT CHARSET=utf8 COLLATE=utf8_unicode_ci;

--
-- Dumping data for table `provaof`
--

INSERT INTO `provaof` (`id_1`, `emp_name`, `total`, `numOfRep`, `perc`) VALUES
(1197, 'عامر رشدي خليل مصلح', 3, 3, '100.00'),
(1371, 'ربيع مصطفى شعبان', 7, 3, '42.86'),
(1374, 'رائد علي محمد وادي', 5, 1, '20.00'),
(2197, 'محمد خلف الله محمد عباس', 1, 0, '0.00');

-- --------------------------------------------------------

--
-- Table structure for table `task`
--

CREATE TABLE `task` (
  `id_1` int(1) DEFAULT NULL,
  `not_t` varchar(34) DEFAULT NULL,
  `not_t2` varchar(50) DEFAULT NULL
) ENGINE=InnoDB DEFAULT CHARSET=utf8;

--
-- Dumping data for table `task`
--

INSERT INTO `task` (`id_1`, `not_t`, `not_t2`) VALUES
(1, '001الإقليم الغربي (اتصال)', 'الغربي (اتصال)'),
(2, '002الإقليم الجنوبي (اتصال)', 'الجنوبي (اتصال)'),
(3, '003الإقليم الشرقي (اتصال)', 'الشرقي (اتصال)'),
(4, '004الإقليم الأوسط (اتصال)', '004الإقليم الأوسط (اتصال)'),
(5, '005الإقليم الغربي (فلترة & تحليل)', 'الغربي (فلترة & تحليل)'),
(6, '006الإقليم الجنوبي (فلترة & تحليل)', 'الجنوبي (فلترة & تحليل)'),
(7, '007الإقليم الشرقي (فلترة & تحليل)', 'الشرقي (فلترة & تحليل)'),
(8, '008الإقليم الأوسط (فلترة & تحليل)', 'الأوسط (فلترة & تحليل)');

-- --------------------------------------------------------

--
-- Table structure for table `tech`
--

CREATE TABLE `tech` (
  `id_1` int(2) DEFAULT NULL,
  `not_t` varchar(52) DEFAULT NULL,
  `codeCode` varchar(55) DEFAULT NULL
) ENGINE=InnoDB DEFAULT CHARSET=utf8;

--
-- Dumping data for table `tech`
--

INSERT INTO `tech` (`id_1`, `not_t`, `codeCode`) VALUES
(1, 'لايوجد', '501لايوجد'),
(2, 'العميل لم يطلب الإلغاء', '502العميل لم يطلب الإلغاء'),
(3, 'عدم الاتصال على العميل', '503عدم الاتصال على العميل'),
(4, 'عدم الاتصال على الجوال الثاني للعميل', '504عدم الاتصال على الجوال الثاني للعميل'),
(5, 'عدم اعطاء فرصة للعميل للرد على المكالمة', '505عدم اعطاء فرصة للعميل للرد على المكالمة'),
(6, 'عدم الرد على اتصالات العميل', '506عدم الرد على اتصالات العميل'),
(7, 'تأجيل موعد التركيب دون طلب العميل', '507تأجيل موعد التركيب دون طلب العميل'),
(8, 'عدم الالتزام بوقت الزيارة بعد التنسيق', '508عدم الالتزام بوقت الزيارة بعد التنسيق'),
(9, 'عدم مطابقة رمز المخلوف بوصف الإفادة', '509عدم مطابقة رمز المخلوف بوصف الإفادة'),
(10, 'سوء معامله العميل', '510سوء معامله العميل'),
(11, 'تلف ممتلكات العميل', '511تلف ممتلكات العميل'),
(12, 'عدم عرض خدمة FTTD لعميل يخدم من شبكة فايبر', '512عدم عرض خدمة FTTD لعميل يخدم من شبكة فايبر'),
(13, 'عدم تدوين إفادة في الأمر', '513عدم تدوين إفادة في الأمر'),
(14, 'عدم توضيح سبب الإلغاء (يكتفي بعبارة طلب الإلغاء)', '514عدم توضيح سبب الإلغاء (يكتفي بعبارة طلب الإلغاء)'),
(15, 'عدم إرسال رسالة \"اتصل بي\" إلى العميل', '515عدم إرسال رسالة \"اتصل بي\" إلى العميل'),
(16, 'تأجيل موعد التركيب بعد التنسيق مع ابلاغ الفني للعميل', '516تأجيل موعد التركيب بعد التنسيق مع ابلاغ الفني للعميل'),
(17, 'تأجيل بطلب الفني بعد التنسيق مع العميل', '517تأجيل بطلب الفني بعد التنسيق مع العميل'),
(18, 'عدم مطابقة الموعد المحدد مع رغبة العميل', '518عدم مطابقة الموعد المحدد مع رغبة العميل');

-- --------------------------------------------------------

--
-- Table structure for table `temp_ent`
--

CREATE TABLE `temp_ent` (
  `id_emp_1` int(10) NOT NULL,
  `emp_name` varchar(50) CHARACTER SET utf8 NOT NULL,
  `Num_ord` varchar(9) CHARACTER SET utf8 NOT NULL,
  `mar_typ` varchar(50) CHARACTER SET utf8 DEFAULT NULL,
  `task` varchar(50) CHARACTER SET utf8 DEFAULT NULL,
  `bacu` varchar(50) CHARACTER SET utf8 DEFAULT NULL,
  `violate` varchar(50) COLLATE utf8_unicode_ci DEFAULT NULL,
  `call_1` varchar(7) CHARACTER SET utf8 NOT NULL,
  `date_1` varchar(15) CHARACTER SET utf8 NOT NULL,
  `date_2` varchar(15) CHARACTER SET utf8 DEFAULT NULL,
  `mobileNum` text COLLATE utf8_unicode_ci,
  `empDiv` varchar(50) COLLATE utf8_unicode_ci NOT NULL,
  `ordTypeField` varchar(50) COLLATE utf8_unicode_ci NOT NULL,
  `servNumField` varchar(50) COLLATE utf8_unicode_ci NOT NULL,
  `currentLevelField` varchar(50) COLLATE utf8_unicode_ci NOT NULL,
  `clientDateField` varchar(50) COLLATE utf8_unicode_ci NOT NULL,
  `makhloofTextField` varchar(50) COLLATE utf8_unicode_ci NOT NULL,
  `mstTextField` varchar(50) COLLATE utf8_unicode_ci NOT NULL,
  `level2TextField` varchar(50) COLLATE utf8_unicode_ci NOT NULL,
  `techField` varchar(50) COLLATE utf8_unicode_ci NOT NULL,
  `regionField` varchar(50) COLLATE utf8_unicode_ci NOT NULL,
  `mosnadField` varchar(50) COLLATE utf8_unicode_ci NOT NULL,
  `n2` varchar(50) COLLATE utf8_unicode_ci NOT NULL,
  `ibdaaTextField` varchar(50) COLLATE utf8_unicode_ci NOT NULL
) ENGINE=InnoDB DEFAULT CHARSET=utf8 COLLATE=utf8_unicode_ci;

--
-- Indexes for dumped tables
--

--
-- Indexes for table `main_ent`
--
ALTER TABLE `main_ent`
  ADD PRIMARY KEY (`Num_ord`,`date_1`);

--
-- Indexes for table `microst`
--
ALTER TABLE `microst`
  ADD PRIMARY KEY (`Num_ord`);

--
-- Indexes for table `pasfa`
--
ALTER TABLE `pasfa`
  ADD PRIMARY KEY (`userrname`);

--
-- Indexes for table `temp_ent`
--
ALTER TABLE `temp_ent`
  ADD PRIMARY KEY (`Num_ord`,`date_1`);
--
-- Database: `swe363`
--
--
-- Table structure for table `pasfa`
--

CREATE TABLE `pasfa` (
  `userrname` int(6) DEFAULT NULL,
  `upassword` int(6) DEFAULT NULL,
  `name` varchar(50) DEFAULT NULL
) ENGINE=InnoDB DEFAULT CHARSET=utf8;

--
-- Dumping data for table `pasfa`
--

INSERT INTO `pasfa` (`userrname`, `upassword`, `name`) VALUES
(1371, 1371, 'ربيع مصطفى شعبان'),
(1374, 1374, 'رائد علي محمد وادي'),
(1418, 1418, 'طارق محمد زياد منيه'),
(1424, 1424, 'وليد محمد موسى الحسن'),
(1429, 1429, 'ياسر علي عبدالله البراهيم'),
(1436, 1436, 'يوسف هاشم محمد الهسي'),
(1651, 1651, 'بكر عمر محمد حمدان'),
(2194, 2194, 'فايز محمد ادريس'),
(2195, 2195, 'حمد ابراهيم البوحميدة'),
(2196, 2196, 'عبدالله صالح الخليفه'),
(2197, 2197, 'محمد خلف الله محمد عباس'),
(2199, 2199, 'محمد سالم عبدالطيف المستحى'),
(2201, 2201, 'سالم عبدالله الميدنى'),
(2202, 2202, 'ايمن عبدالرحمن عبدالطيف العيد'),
(2203, 2203, 'ثامر يعقوب السهيل'),
(2204, 2204, 'انس عبدالله محمد المفتاح'),
(2282, 2282, 'مروان خضير على الخضير'),
(2283, 2283, 'مجاهد محمد عبد الله المسلم'),
(2284, 2284, 'عبدالرحمن يوسف عبدالرحمن الفواز'),
(2926, 2926, 'احمد عبدالله محمد العماني'),
(3089, 3089, 'فيصل عبدالعزيز علي المهناء'),
(3093, 3093, 'عبدالرحمن عادل القادري'),
(3094, 3094, 'فيصل فهد سلمان الصانع'),
(3136, 3136, 'عبدالسلام هشام مصطفى الباكليزي'),
(3870, 3870, 'عبدالله ابراهيم عبدالله الزويمل'),
(3871, 3871, 'عبدالعزيز صالح عبدالعزيز الحسين'),
(4089, 4089, 'عبدالرحمن ابراهيم محمد المفتاح'),
(4091, 4091, 'محمد فهد عبدالعزيز بن ناس'),
(4092, 4092, 'صالح عدنان خليفة الخميس'),
(4093, 4093, 'ماجد عبداللطيف محمد البريك'),
(4356, 4356, 'عبدالله يوسف راشد النوفل'),
(4357, 4357, 'سلمان فيصل محمد الوجيه'),
(4363, 4363, 'ناصر احمد راشد الحمدان'),
(4388, 4388, 'سعد ابراهيم احمد الحميدي'),
(4390, 4390, 'محمد يوسف محمد البريك'),
(4392, 4392, 'عبدالعزيز عبدالرحمن عبدالعزيز المريخي'),
(4415, 4415, 'حسام عبد الخالق أحمد الشيخ'),
(4453, 4453, 'عبدالعزيز خليل الوحيمد'),
(4544, 4544, 'عبدالله ابراهيم احمد الحمادي'),
(4545, 4545, 'محمد عبدالرحمن عبدالعزيز الفرحان'),
(4546, 4546, 'محمد عبدالرحمن محمد الشامي'),
(4547, 4547, 'فارس صالح عبدالرحمن الفارس'),
(4549, 4549, 'عبدالعزيز حمد عبدالله بورسيس'),
(4749, 4749, 'محمد ابراهيم محمد البريك'),
(5033, 5033, 'عبدالمنعم محمد محمد المزيدي'),
(5874, 5874, 'صالح داوود سلمان الرحيمان'),
(5941, 5941, 'عبدالملك محمد عبدالله المحارف'),
(5942, 5942, 'مبارك يوسف محمد الظاعن'),
(6135, 6135, 'خالد محمد ابراهيم الزهراني'),
(6221, 6221, 'احمد نزار السيد النونو'),
(6355, 6355, 'عبدالله يوسف محمد الظاعن'),
(6624, 6624, 'بدر سليمان محمد الصفيان'),
(6997, 6997, 'خالد فيصل البو سعد'),
(7486, 7486, 'عبدالله احمد سعد السعد'),
(7487, 7487, 'فهد محمد فهد المحيسن'),
(7684, 7684, 'منصور محمد عبداللطيف البريك'),
(7916, 7916, 'محمد علي المال الفهيد'),
(8249, 8249, 'ابراهيم عبداللطيف سالم الحبش'),
(8250, 8250, 'عبدالعزيز نصرعبدالرحمن محمد'),
(8251, 8251, 'اسماعيل محمود ايوب السر'),
(8252, 8252, 'سلطان احمد ابراهيم الشعيب'),
(8394, 8394, 'ابراهيم خالد ابراهيم الحيدر'),
(8449, 8449, 'عبدالله صالح سلمان الحرشان'),
(8708, 8708, 'ابراهيم عبدالله عبداللطيف الدحيلان'),
(8710, 8710, 'عماد محمد حسين الرميح'),
(8711, 8711, 'عبدالرحمن يوسف سعد القصيمي'),
(9079, 9079, 'سعد حمد سعد الهلال'),
(9108, 9108, 'احمد محمد العبدالعالي'),
(9128, 9128, 'منصور عادل عبدالله بو بشيت'),
(9913, 9913, 'عبدالعزيز عبدالله مبارك الدوسري'),
(9914, 9914, 'محمد احمد عبدالرحمن العامر'),
(9915, 9915, 'نايف محمد سلمان العبدالرحمن'),
(9931, 9931, 'عبدالعزيز يوسف مبارك الحبش'),
(9950, 9950, 'عبدالمحسن فهد ابراهيم الحماد'),
(9952, 9952, 'عبدالعزيز يوسف عمر المغنم'),
(9954, 9954, 'سامي يوسف محمد العواد'),
(9955, 9955, 'راشد أحمد عبدالله العبد'),
(9956, 9956, 'ماهرعبدالله ابراهيم السيد'),
(9958, 9958, 'عبدالله خليفة ناصر الخاتم'),
(9959, 9959, 'فيصل ابراهيم عبدالرحمن العقيد'),
(9961, 9961, 'احمد هاشم محمد المزيعل'),
(9962, 9962, 'محمد ابراهيم محمد العمير'),
(9980, 9980, 'ابراهيم محمد حمد الدغيم'),
(11190, 11190, 'منتصر محمد عبدالجليل علي'),
(11191, 11191, 'فيصل عوض القفيل'),
(11256, 11256, 'محمد صالح محمد الهبوب'),
(11257, 11257, 'عبدالمجيد محمد علي الخطيب'),
(11258, 11258, 'خلدون سالم احمد الزبيدي'),
(11260, 11260, 'نايف جمعه سيف الوسمي'),
(11261, 11261, 'رامي محمد فهمي بيومي'),
(102174, 102174, 'عادل احمد عبدالله بوسبيت'),
(598102, 598102, 'خالد محمد عبدالله الليلى'),
(598999, 598999, 'خالد خليفه محمد الزويمل'),
(600907, 600907, 'ابراهيم محمد محمد المزيدى'),
(604155, 604155, 'سعيد خليفه محمد الزويمل'),
(604244, 604244, 'صالح محمد عبداللطيف البريك'),
(607591, 607591, 'عبدالعزيز حسن عيسى البريكان'),
(611693, 611693, 'رياض عبدالله احمد الكنعان'),
(657137, 657137, 'عبدالله محمد ناصر الملحم'),
(663923, 663923, 'جميل احمد محمد العبدالعزيز'),
(697912, 697912, 'عبدالرحمن عبدالله عبدالرحمن بودي'),
(698293, 698293, 'خالد محمد عبدالعزيز اليحيا'),
(699501, 699501, 'سعد عبدالرحمن أحمد العبود'),
(699532, 699532, 'عبدالله محمد عبدالله المحارف'),
(713526, 713526, 'عبدالاله عبدالحميد سالمين عبدات'),
(1109, 1109, 'عبدالعزيز كنعان عبدالعزيز الكنعان'),
(1252, 1252, 'حسن عصام هدى'),
(1173, 1173, 'احمد محمد هاشم علي'),
(1176, 1176, 'احمد محمد فهمي بيومي'),
(1144, 1144, 'عبدالله صالح عبدالله الوصيفر'),
(1197, 1197, 'عامر رشدي خليل مصلح'),
(1313, 1313, 'محمد خالد المشعل'),
(1267, 1267, 'عيسى يوسف محمد المرشد'),
(1110, 1110, 'عبدالعزيز عبدالباقي ناصر النعيم'),
(1308, 1308, 'محمد الدقيل حامد محمد'),
(1152, 1152, 'عبدالرحمن صالح أحمد بوطيبان'),
(1235, 1235, 'فايز ابراهيم عبدالله المسيب'),
(1273, 1273, 'خالد محمد عبدالله المسيب'),
(1310, 1310, 'محمد عوض القفيل'),
(1257, 1257, 'ابراهيم عبدالعزيزعبداللطيف العديل'),
(1362, 1362, 'عمر عبدالله عبدالعزيز الحسين'),
(1321, 1321, 'محمد عبدالعزيز محمد الزويمل'),
(1366, 1366, 'اسامه شاكر سليمان الناصر'),
(1112, 1112, 'عبدالعزيز ابراهيم أحمد السنين'),
(1170, 1170, 'احمد خالد احمد الهبوب'),
(1262, 1262, 'ابراهيم صالح ابراهيم البرجس'),
(1266, 1266, 'اسلام عزالدين حيدر ماضي'),
(1218, 1218, 'ضياء عز الدين حيدر الماضي'),
(1260, 1260, 'ابراهيم خليل إبراهيم السريهيد'),
(1183, 1183, 'احمد يوسف عبدالعزيز الزامل'),
(1132, 1132, 'عبدالله خالد عبدالله العبود'),
(1201, 1201, 'اشرف عزالدين الماضي'),
(1156, 1156, 'ابوبكر محمود أيوب السر'),
(1370, 1370, 'رافت محمد العلي'),
(1168, 1168, 'احمد ابراهيم أحمد السنين'),
(1164, 1164, 'احمد عبدالله عيسى السويدان'),
(1178, 1178, 'احمد سعد أحمد بو جليع'),
(1138, 1138, 'عبدالله محمد عبدالله النعيم'),
(1340, 1340, 'محمد تركي راضي الدوسري'),
(1334, 1334, 'محمد حسين حسين الحباره'),
(1153, 1153, 'عبدالرحمن يوسف محمد البريك'),
(1335, 1335, 'محمد محمود أيوب السر'),
(1258, 1258, 'ابراهيم عبدالله إبراهيم الخميس'),
(1162, 1162, 'احمد خيري طه الطوخي'),
(1322, 1322, 'محمد عبدالله إبراهيم البريه'),
(1319, 1319, 'محمد عبدالعزيز ابراهيم البطاط');

-- --------------------------------------------------------
